comparison,reference,candidate,statistic,endpoint,feature_set,n_runs,n_rows,mean_delta,min_delta,max_delta,n_delta_positive,n_ci95_low_above_zero,n_with_ci,direction_consistent
EXPANDED_vs_EXPANDED_SHUFFLED,EXPANDED_SHUFFLED,EXPANDED,offset_mae,nn<0.4,MC_lig2d_ext_massaction,1,1,0.5358745046398732,0.5358745046398732,0.5358745046398732,1,1,1,True
EXPANDED_vs_EXPANDED_SHUFFLED,EXPANDED_SHUFFLED,EXPANDED,offset_mae,nn<0.4,MC_donors,1,1,0.5165052007004702,0.5165052007004702,0.5165052007004702,1,1,1,True
EXPANDED_vs_EXPANDED_SHUFFLED,EXPANDED_SHUFFLED,EXPANDED,mae,nn<0.4,MC_donors,1,1,0.5124860211296747,0.5124860211296747,0.5124860211296747,1,1,1,True
EXPANDED_vs_EXPANDED_SHUFFLED,EXPANDED_SHUFFLED,EXPANDED,mae,nn<0.4,MC_lig2d_ext_massaction,1,1,0.4943856651290294,0.4943856651290294,0.4943856651290294,1,1,1,True
EXPANDED_ROWMATCHED_vs_BASE,BASE,EXPANDED_ROWMATCHED,offset_mae,nn<0.4,MC_donors,1,1,0.4848115879926012,0.4848115879926012,0.4848115879926012,1,1,1,True
EXPANDED_vs_BASE,BASE,EXPANDED,offset_mae,nn<0.4,MC_donors,1,1,0.4720986066474069,0.4720986066474069,0.4720986066474069,1,1,1,True
EXPANDED_ROWMATCHED_vs_BASE,BASE,EXPANDED_ROWMATCHED,mae,nn<0.4,MC_donors,1,1,0.4720045428021543,0.4720045428021543,0.4720045428021543,1,1,1,True
EXPANDED_ROWMATCHED_vs_BASE,BASE,EXPANDED_ROWMATCHED,offset_mae,nn<0.4,MC_lig2d_ext_massaction,1,1,0.470637044199078,0.470637044199078,0.470637044199078,1,1,1,True
EXPANDED_ROWMATCHED_vs_BASE,BASE,EXPANDED_ROWMATCHED,mae,nn<0.4,MC_lig2d_ext_massaction,1,1,0.4680845929481167,0.4680845929481167,0.4680845929481167,1,1,1,True
EXPANDED_vs_BASE,BASE,EXPANDED,offset_mae,nn<0.4,MC_lig2d_ext_massaction,1,1,0.467746428638605,0.467746428638605,0.467746428638605,1,1,1,True
EXPANDED_vs_BASE,BASE,EXPANDED,mae,nn<0.4,MC_lig2d_ext_massaction,1,1,0.4629614543398967,0.4629614543398967,0.4629614543398967,1,1,1,True
EXPANDED_vs_BASE,BASE,EXPANDED,mae,nn<0.4,MC_donors,1,1,0.4611488431589001,0.4611488431589001,0.4611488431589001,1,1,1,True
EXPANDED_vs_EXPANDED_SHUFFLED,EXPANDED_SHUFFLED,EXPANDED,offset_mae,nn<0.6,MC_donors,1,1,0.2823963849385821,0.2823963849385821,0.2823963849385821,1,1,1,True
EXPANDED_vs_EXPANDED_SHUFFLED,EXPANDED_SHUFFLED,EXPANDED,mae,nn<0.6,MC_donors,1,1,0.2775713460405785,0.2775713460405785,0.2775713460405785,1,1,1,True
EXPANDED_vs_EXPANDED_SHUFFLED,EXPANDED_SHUFFLED,EXPANDED,offset_mae,nn<0.6,MC_lig2d_ext_massaction,1,1,0.2373529641243266,0.2373529641243266,0.2373529641243266,1,1,1,True
EXPANDED_vs_EXPANDED_SHUFFLED,EXPANDED_SHUFFLED,EXPANDED,mae,all,MC_donors,1,1,0.2367556425702862,0.2367556425702862,0.2367556425702862,1,1,1,True
EXPANDED_ROWMATCHED_vs_BASE,BASE,EXPANDED_ROWMATCHED,offset_mae,nn<0.6,MC_donors,1,1,0.2350544332226219,0.2350544332226219,0.2350544332226219,1,1,1,True
EXPANDED_vs_EXPANDED_SHUFFLED,EXPANDED_SHUFFLED,EXPANDED,offset_mae,all,MC_donors,1,1,0.2307797739294967,0.2307797739294967,0.2307797739294967,1,1,1,True
EXPANDED_vs_BASE,BASE,EXPANDED,offset_mae,nn<0.6,MC_donors,1,1,0.2304629885205381,0.2304629885205381,0.2304629885205381,1,1,1,True
EXPANDED_ROWMATCHED_vs_BASE,BASE,EXPANDED_ROWMATCHED,mae,nn<0.6,MC_donors,1,1,0.2283132155385915,0.2283132155385915,0.2283132155385915,1,1,1,True
EXPANDED_vs_BASE,BASE,EXPANDED,mae,nn<0.6,MC_donors,1,1,0.2214465496836175,0.2214465496836175,0.2214465496836175,1,1,1,True
EXPANDED_vs_EXPANDED_SHUFFLED,EXPANDED_SHUFFLED,EXPANDED,mae,nn<0.6,MC_lig2d_ext_massaction,1,1,0.2174533791008282,0.2174533791008282,0.2174533791008282,1,1,1,True
EXPANDED_vs_BASE,BASE,EXPANDED,offset_mae,nn<0.6,MC_lig2d_ext_massaction,1,1,0.2164763187747498,0.2164763187747498,0.2164763187747498,1,1,1,True
EXPANDED_ROWMATCHED_vs_BASE,BASE,EXPANDED_ROWMATCHED,offset_mae,nn<0.6,MC_lig2d_ext_massaction,1,1,0.2132590072156847,0.2132590072156847,0.2132590072156847,1,1,1,True
EXPANDED_vs_BASE,BASE,EXPANDED,mae,nn<0.6,MC_lig2d_ext_massaction,1,1,0.2096615402938015,0.2096615402938015,0.2096615402938015,1,1,1,True
EXPANDED_ROWMATCHED_vs_BASE,BASE,EXPANDED_ROWMATCHED,mae,nn<0.6,MC_lig2d_ext_massaction,1,1,0.2076447561051848,0.2076447561051848,0.2076447561051848,1,1,1,True
EXPANDED_vs_EXPANDED_SHUFFLED,EXPANDED_SHUFFLED,EXPANDED,offset_mae,all,MC_lig2d_ext_massaction,1,1,0.188524236327886,0.188524236327886,0.188524236327886,1,1,1,True
EXPANDED_ROWMATCHED_vs_BASE,BASE,EXPANDED_ROWMATCHED,offset_mae,all,MC_donors,1,1,0.1846106878767853,0.1846106878767853,0.1846106878767853,1,1,1,True
EXPANDED_vs_BASE,BASE,EXPANDED,offset_mae,all,MC_donors,1,1,0.1795093258712593,0.1795093258712593,0.1795093258712593,1,1,1,True
EXPANDED_vs_BASE,BASE,EXPANDED,offset_mae,all,MC_lig2d_ext_massaction,1,1,0.1773022612053011,0.1773022612053011,0.1773022612053011,1,1,1,True
EXPANDED_ROWMATCHED_vs_BASE,BASE,EXPANDED_ROWMATCHED,offset_mae,all,MC_lig2d_ext_massaction,1,1,0.1756138916651217,0.1756138916651217,0.1756138916651217,1,1,1,True
EXPANDED_ROWMATCHED_vs_BASE,BASE,EXPANDED_ROWMATCHED,mae,all,MC_donors,1,1,0.1755145337733002,0.1755145337733002,0.1755145337733002,1,1,1,True
EXPANDED_vs_EXPANDED_SHUFFLED,EXPANDED_SHUFFLED,EXPANDED,mae,all,MC_lig2d_ext_massaction,1,1,0.1725765863775509,0.1725765863775509,0.1725765863775509,1,1,1,True
EXPANDED_vs_BASE,BASE,EXPANDED,mae,all,MC_donors,1,1,0.172070295847862,0.172070295847862,0.172070295847862,1,1,1,True
EXPANDED_vs_BASE,BASE,EXPANDED,mae,all,MC_lig2d_ext_massaction,1,1,0.1632835363301766,0.1632835363301766,0.1632835363301766,1,1,1,True
EXPANDED_ROWMATCHED_vs_BASE,BASE,EXPANDED_ROWMATCHED,mae,all,MC_lig2d_ext_massaction,1,1,0.1614163771124771,0.1614163771124771,0.1614163771124771,1,1,1,True
EXPANDED_ROWMATCHED_vs_BASE,BASE,EXPANDED_ROWMATCHED,shape_mae,nn<0.4,MC_lig2d_ext_massaction,1,1,0.0755947442645576,0.0755947442645576,0.0755947442645576,1,1,1,True
EXPANDED_vs_BASE,BASE,EXPANDED,shape_mae,nn<0.4,MC_lig2d_ext_massaction,1,1,0.0742497112844485,0.0742497112844485,0.0742497112844485,1,1,1,True
EXPANDED_vs_EXPANDED_SHUFFLED,EXPANDED_SHUFFLED,EXPANDED,shape_mae,all,MC_donors,1,1,0.0736331746066162,0.0736331746066162,0.0736331746066162,1,1,1,True
EXPANDED_vs_EXPANDED_SHUFFLED,EXPANDED_SHUFFLED,EXPANDED,shape_mae,nn<0.6,MC_donors,1,1,0.0699676590649899,0.0699676590649899,0.0699676590649899,1,1,1,True
EXPANDED_vs_EXPANDED_SHUFFLED,EXPANDED_SHUFFLED,EXPANDED,shape_mae,nn<0.4,MC_donors,1,1,0.0695837558126245,0.0695837558126245,0.0695837558126245,1,1,1,True
EXPANDED_vs_BASE,BASE,EXPANDED,shape_mae,nn<0.4,MC_donors,1,1,0.0541221266362127,0.0541221266362127,0.0541221266362127,1,1,1,True
EXPANDED_ROWMATCHED_vs_BASE,BASE,EXPANDED_ROWMATCHED,shape_mae,nn<0.4,MC_donors,1,1,0.052111379655303,0.052111379655303,0.052111379655303,1,1,1,True
EXPANDED_SHUFFLED_vs_BASE,BASE,EXPANDED_SHUFFLED,shape_mae,nn<0.4,MC_lig2d_ext_massaction,1,1,0.0396329588179889,0.0396329588179889,0.0396329588179889,1,1,1,True
EXPANDED_vs_EXPANDED_SHUFFLED,EXPANDED_SHUFFLED,EXPANDED,shape_mae,nn<0.6,MC_lig2d_ext_massaction,1,1,0.0363193362030588,0.0363193362030588,0.0363193362030588,1,1,1,True
EXPANDED_vs_BASE,BASE,EXPANDED,shape_mae,nn<0.6,MC_lig2d_ext_massaction,1,1,0.0357591063953139,0.0357591063953139,0.0357591063953139,1,1,1,True
EXPANDED_vs_EXPANDED_SHUFFLED,EXPANDED_SHUFFLED,EXPANDED,shape_mae,nn<0.4,MC_lig2d_ext_massaction,1,1,0.0346167524664596,0.0346167524664596,0.0346167524664596,1,1,1,True
EXPANDED_ROWMATCHED_vs_BASE,BASE,EXPANDED_ROWMATCHED,shape_mae,nn<0.6,MC_lig2d_ext_massaction,1,1,0.0341276669368644,0.0341276669368644,0.0341276669368644,1,1,1,True
EXPANDED_vs_EXPANDED_SHUFFLED,EXPANDED_SHUFFLED,EXPANDED,shape_mae,all,MC_lig2d_ext_massaction,1,1,0.0324469641513369,0.0324469641513369,0.0324469641513369,1,1,1,True
EXPANDED_vs_BASE,BASE,EXPANDED,shape_mae,all,MC_lig2d_ext_massaction,1,1,0.0242935623289612,0.0242935623289612,0.0242935623289612,1,1,1,True
EXPANDED_vs_BASE,BASE,EXPANDED,shape_mae,nn<0.6,MC_donors,1,1,0.0227004787341484,0.0227004787341484,0.0227004787341484,1,1,1,True
EXPANDED_ROWMATCHED_vs_BASE,BASE,EXPANDED_ROWMATCHED,shape_mae,all,MC_lig2d_ext_massaction,1,1,0.021536405642728,0.021536405642728,0.021536405642728,1,0,1,True
EXPANDED_vs_BASE,BASE,EXPANDED,shape_mae,all,MC_donors,1,1,0.0178757923903822,0.0178757923903822,0.0178757923903822,1,0,1,True
EXPANDED_ROWMATCHED_vs_BASE,BASE,EXPANDED_ROWMATCHED,shape_mae,nn<0.6,MC_donors,1,1,0.0168495343317826,0.0168495343317826,0.0168495343317826,1,0,1,True
EXPANDED_ROWMATCHED_vs_BASE,BASE,EXPANDED_ROWMATCHED,shape_mae,all,MC_donors,1,1,0.0112639519503961,0.0112639519503961,0.0112639519503961,1,0,1,True
EXPANDED_vs_EXPANDED_ROWMATCHED,EXPANDED_ROWMATCHED,EXPANDED,shape_mae,all,MC_donors,1,1,0.0066118404399861,0.0066118404399861,0.0066118404399861,1,1,1,True
EXPANDED_vs_EXPANDED_ROWMATCHED,EXPANDED_ROWMATCHED,EXPANDED,shape_mae,nn<0.6,MC_donors,1,1,0.0058509444023658,0.0058509444023658,0.0058509444023658,1,1,1,True
EXPANDED_vs_EXPANDED_ROWMATCHED,EXPANDED_ROWMATCHED,EXPANDED,offset_mae,nn<0.6,MC_lig2d_ext_massaction,1,1,0.003217311559065,0.003217311559065,0.003217311559065,1,0,1,True
EXPANDED_vs_EXPANDED_ROWMATCHED,EXPANDED_ROWMATCHED,EXPANDED,shape_mae,all,MC_lig2d_ext_massaction,1,1,0.0027571566862331,0.0027571566862331,0.0027571566862331,1,0,1,True
EXPANDED_vs_EXPANDED_ROWMATCHED,EXPANDED_ROWMATCHED,EXPANDED,mae,nn<0.6,MC_lig2d_ext_massaction,1,1,0.0020167841886166,0.0020167841886166,0.0020167841886166,1,0,1,True
EXPANDED_vs_EXPANDED_ROWMATCHED,EXPANDED_ROWMATCHED,EXPANDED,shape_mae,nn<0.4,MC_donors,1,1,0.0020107469809096,0.0020107469809096,0.0020107469809096,1,0,1,True
EXPANDED_vs_EXPANDED_ROWMATCHED,EXPANDED_ROWMATCHED,EXPANDED,mae,all,MC_lig2d_ext_massaction,1,1,0.0018671592176994,0.0018671592176994,0.0018671592176994,1,0,1,True
EXPANDED_vs_EXPANDED_ROWMATCHED,EXPANDED_ROWMATCHED,EXPANDED,offset_mae,all,MC_lig2d_ext_massaction,1,1,0.0016883695401793,0.0016883695401793,0.0016883695401793,1,0,1,True
EXPANDED_vs_EXPANDED_ROWMATCHED,EXPANDED_ROWMATCHED,EXPANDED,shape_mae,nn<0.6,MC_lig2d_ext_massaction,1,1,0.0016314394584495,0.0016314394584495,0.0016314394584495,1,0,1,True
EXPANDED_SHUFFLED_vs_BASE,BASE,EXPANDED_SHUFFLED,shape_mae,nn<0.6,MC_lig2d_ext_massaction,1,1,-0.0005602298077448,-0.0005602298077448,-0.0005602298077448,0,0,1,True
EXPANDED_vs_EXPANDED_ROWMATCHED,EXPANDED_ROWMATCHED,EXPANDED,shape_mae,nn<0.4,MC_lig2d_ext_massaction,1,1,-0.001345032980109,-0.001345032980109,-0.001345032980109,0,0,1,True
EXPANDED_vs_EXPANDED_ROWMATCHED,EXPANDED_ROWMATCHED,EXPANDED,offset_mae,nn<0.4,MC_lig2d_ext_massaction,1,1,-0.002890615560473,-0.002890615560473,-0.002890615560473,0,0,1,True
EXPANDED_vs_EXPANDED_ROWMATCHED,EXPANDED_ROWMATCHED,EXPANDED,mae,all,MC_donors,1,1,-0.0034442379254382,-0.0034442379254382,-0.0034442379254382,0,0,1,True
EXPANDED_vs_EXPANDED_ROWMATCHED,EXPANDED_ROWMATCHED,EXPANDED,offset_mae,nn<0.6,MC_donors,1,1,-0.0045914447020837,-0.0045914447020837,-0.0045914447020837,0,0,1,True
EXPANDED_vs_EXPANDED_ROWMATCHED,EXPANDED_ROWMATCHED,EXPANDED,offset_mae,all,MC_donors,1,1,-0.005101362005526,-0.005101362005526,-0.005101362005526,0,0,1,True
EXPANDED_vs_EXPANDED_ROWMATCHED,EXPANDED_ROWMATCHED,EXPANDED,mae,nn<0.4,MC_lig2d_ext_massaction,1,1,-0.0051231386082199,-0.0051231386082199,-0.0051231386082199,0,0,1,True
EXPANDED_vs_EXPANDED_ROWMATCHED,EXPANDED_ROWMATCHED,EXPANDED,mae,nn<0.6,MC_donors,1,1,-0.0068666658549739,-0.0068666658549739,-0.0068666658549739,0,0,1,True
EXPANDED_SHUFFLED_vs_BASE,BASE,EXPANDED_SHUFFLED,mae,nn<0.6,MC_lig2d_ext_massaction,1,1,-0.0077918388070267,-0.0077918388070267,-0.0077918388070267,0,0,1,True
EXPANDED_SHUFFLED_vs_BASE,BASE,EXPANDED_SHUFFLED,shape_mae,all,MC_lig2d_ext_massaction,1,1,-0.0081534018223756,-0.0081534018223756,-0.0081534018223756,0,0,1,True
EXPANDED_SHUFFLED_vs_BASE,BASE,EXPANDED_SHUFFLED,mae,all,MC_lig2d_ext_massaction,1,1,-0.0092930500473743,-0.0092930500473743,-0.0092930500473743,0,0,1,True
EXPANDED_vs_EXPANDED_ROWMATCHED,EXPANDED_ROWMATCHED,EXPANDED,mae,nn<0.4,MC_donors,1,1,-0.0108556996432542,-0.0108556996432542,-0.0108556996432542,0,0,1,True
EXPANDED_SHUFFLED_vs_BASE,BASE,EXPANDED_SHUFFLED,offset_mae,all,MC_lig2d_ext_massaction,1,1,-0.0112219751225849,-0.0112219751225849,-0.0112219751225849,0,0,1,True
EXPANDED_vs_EXPANDED_ROWMATCHED,EXPANDED_ROWMATCHED,EXPANDED,offset_mae,nn<0.4,MC_donors,1,1,-0.0127129813451944,-0.0127129813451944,-0.0127129813451944,0,0,1,True
EXPANDED_SHUFFLED_vs_BASE,BASE,EXPANDED_SHUFFLED,shape_mae,nn<0.4,MC_donors,1,1,-0.0154616291764118,-0.0154616291764118,-0.0154616291764118,0,0,1,True
EXPANDED_SHUFFLED_vs_BASE,BASE,EXPANDED_SHUFFLED,offset_mae,nn<0.6,MC_lig2d_ext_massaction,1,1,-0.0208766453495767,-0.0208766453495767,-0.0208766453495767,0,0,1,True
EXPANDED_SHUFFLED_vs_BASE,BASE,EXPANDED_SHUFFLED,mae,nn<0.4,MC_lig2d_ext_massaction,1,1,-0.0314242107891327,-0.0314242107891327,-0.0314242107891327,0,0,1,True
EXPANDED_SHUFFLED_vs_BASE,BASE,EXPANDED_SHUFFLED,offset_mae,nn<0.4,MC_donors,1,1,-0.0444065940530634,-0.0444065940530634,-0.0444065940530634,0,0,1,True
EXPANDED_SHUFFLED_vs_BASE,BASE,EXPANDED_SHUFFLED,shape_mae,nn<0.6,MC_donors,1,1,-0.0472671803308415,-0.0472671803308415,-0.0472671803308415,0,0,1,True
EXPANDED_SHUFFLED_vs_BASE,BASE,EXPANDED_SHUFFLED,offset_mae,all,MC_donors,1,1,-0.0512704480582374,-0.0512704480582374,-0.0512704480582374,0,0,1,True
EXPANDED_SHUFFLED_vs_BASE,BASE,EXPANDED_SHUFFLED,mae,nn<0.4,MC_donors,1,1,-0.0513371779707745,-0.0513371779707745,-0.0513371779707745,0,0,1,True
EXPANDED_SHUFFLED_vs_BASE,BASE,EXPANDED_SHUFFLED,offset_mae,nn<0.6,MC_donors,1,1,-0.0519333964180438,-0.0519333964180438,-0.0519333964180438,0,0,1,True
EXPANDED_SHUFFLED_vs_BASE,BASE,EXPANDED_SHUFFLED,shape_mae,all,MC_donors,1,1,-0.055757382216234,-0.055757382216234,-0.055757382216234,0,0,1,True
EXPANDED_SHUFFLED_vs_BASE,BASE,EXPANDED_SHUFFLED,mae,nn<0.6,MC_donors,1,1,-0.0561247963569609,-0.0561247963569609,-0.0561247963569609,0,0,1,True
EXPANDED_SHUFFLED_vs_BASE,BASE,EXPANDED_SHUFFLED,mae,all,MC_donors,1,1,-0.0646853467224242,-0.0646853467224242,-0.0646853467224242,0,0,1,True
EXPANDED_SHUFFLED_vs_BASE,BASE,EXPANDED_SHUFFLED,offset_mae,nn<0.4,MC_lig2d_ext_massaction,1,1,-0.0681280760012682,-0.0681280760012682,-0.0681280760012682,0,0,1,True
