regime,comparison,reference,candidate,point_delta_mae,ci95_low,ci95_high,p_worse_one_sided,groups_improved,groups_total,bootstrap_unit,bootstrap_resample_unit,bootstrap_blocks,bootstrap_replicates
unseen_chemotype,MC_ecfp_vs_A_metal,MC_ecfp,A_metal,-0.31664738675135434,-0.4575429560502606,-0.10184837709475734,0.9976004799040192,20,74,ecfp_cluster,tanimoto_cluster,40,5000
unseen_chemotype,MC_ecfp_vs_A_cond,MC_ecfp,A_cond,-0.13808398458311977,-0.2684468560270346,0.05894266573995394,0.8980203959208158,27,74,ecfp_cluster,tanimoto_cluster,40,5000
unseen_chemotype,MC_ecfp_vs_MC,MC_ecfp,MC,-0.09272476574373241,-0.1844345558994684,0.056636028526514504,0.8894221155768847,27,74,ecfp_cluster,tanimoto_cluster,40,5000
unseen_chemotype,MC_ecfp_vs_MC_lig2d_ext,MC_ecfp,MC_lig2d_ext,0.016900207765711373,-0.07365260578798824,0.15141859542977562,0.35892821435712857,40,74,ecfp_cluster,tanimoto_cluster,40,5000
unseen_chemotype,MC_ecfp_vs_MC_all2d,MC_ecfp,MC_all2d,-0.016058073135390455,-0.07736972427782003,0.07756984136296372,0.6090781843631273,38,74,ecfp_cluster,tanimoto_cluster,40,5000
unseen_chemotype,MC_ecfp_vs_MC_everything,MC_ecfp,MC_everything,-0.018233311664396932,-0.09666794759179197,0.10584916530640244,0.6066786642671466,34,74,ecfp_cluster,tanimoto_cluster,40,5000
unseen_chemotype,MC_ecfp_vs_MC_massaction,MC_ecfp,MC_massaction,-0.07706815134470775,-0.16446218289990727,0.06693975511892414,0.8524295140971806,34,74,ecfp_cluster,tanimoto_cluster,40,5000
unseen_chemotype,MC_ecfp_vs_MC_ecfp_massaction,MC_ecfp,MC_ecfp_massaction,0.0016540545180799581,-0.025238316175213424,0.04187426000757546,0.4595080983803239,35,74,ecfp_cluster,tanimoto_cluster,40,5000
unseen_chemotype,MC_ecfp_vs_MC_lig2d_ext_massaction,MC_ecfp,MC_lig2d_ext_massaction,0.02044291766879881,-0.07542510279680976,0.16549491644872746,0.3437312537492502,40,74,ecfp_cluster,tanimoto_cluster,40,5000
unseen_chemotype,MC_ecfp_vs_MC_all2d_massaction,MC_ecfp,MC_all2d_massaction,-0.011141695164395043,-0.08657996743758001,0.10267771102840871,0.5536892621475705,37,74,ecfp_cluster,tanimoto_cluster,40,5000
unseen_chemotype,MC_ecfp_vs_MC_everything_massaction,MC_ecfp,MC_everything_massaction,-0.020028413979660698,-0.10909347065390101,0.1169758171214813,0.5922815436912617,34,74,ecfp_cluster,tanimoto_cluster,40,5000
unseen_chemotype,MC_ecfp_vs_MC_ecfp_SHUF,MC_ecfp,MC_ecfp_SHUF,-0.1319365567099436,-0.22782511905964667,0.015014703182347348,0.9588082383523295,28,74,ecfp_cluster,tanimoto_cluster,40,5000
unseen_chemotype,MC_ecfp_vs_MC_lig2d_ext_SHUF,MC_ecfp,MC_lig2d_ext_SHUF,-0.13625641290500518,-0.22863223654884018,0.006106679926433481,0.968006398720256,28,74,ecfp_cluster,tanimoto_cluster,40,5000
unseen_chemotype,MC_ecfp_vs_MC_cond_SHUF,MC_ecfp,MC_cond_SHUF,-0.4619043820973258,-0.6129485089087093,-0.2942277970694242,1.0,14,74,ecfp_cluster,tanimoto_cluster,40,5000
unseen_chemotype,MC_ecfp_vs_MC_massaction_SHUF,MC_ecfp,MC_massaction_SHUF,-0.10451476650813112,-0.1854085152236704,0.021429880311246263,0.9456108778244351,27,74,ecfp_cluster,tanimoto_cluster,40,5000
unseen_chemotype,MC_ecfp_vs_NULL_metal_mean,MC_ecfp,NULL_metal_mean,-0.41702835957599754,-0.5766405690129901,-0.18501322331776635,0.9998000399920016,16,74,ecfp_cluster,tanimoto_cluster,40,5000
unseen_chemotype,MC_ecfp_vs_NULL_global_mean,MC_ecfp,NULL_global_mean,-0.4009355637068715,-0.5750535815499958,-0.166071427029516,0.9994001199760048,17,74,ecfp_cluster,tanimoto_cluster,40,5000
unseen_chemotype,MC_ecfp_vs_NULL_extractant_mean,MC_ecfp,NULL_extractant_mean,-0.4009355637068715,-0.5750535815499958,-0.166071427029516,0.9994001199760048,17,74,ecfp_cluster,tanimoto_cluster,40,5000
unseen_chemotype,MC_ecfp_vs_NULL_nearest_condition,MC_ecfp,NULL_nearest_condition,-0.4009355637068715,-0.5750535815499958,-0.166071427029516,0.9994001199760048,17,74,ecfp_cluster,tanimoto_cluster,40,5000
unseen_chemotype,MC_vs_A_metal,MC,A_metal,-0.22392262100762192,-0.36481235449404126,-0.07513593428444017,0.998000399920016,24,74,ecfp_cluster,tanimoto_cluster,40,5000
unseen_chemotype,MC_vs_A_cond,MC,A_cond,-0.04535921883938736,-0.10028870434737086,0.03397782105270298,0.8240351929614077,34,74,ecfp_cluster,tanimoto_cluster,40,5000
unseen_chemotype,MC_vs_MC_ecfp,MC,MC_ecfp,0.09272476574373241,-0.05663602852651466,0.1844345558994684,0.11077784443111378,47,74,ecfp_cluster,tanimoto_cluster,40,5000
unseen_chemotype,MC_vs_MC_lig2d_ext,MC,MC_lig2d_ext,0.1096249735094438,0.005737389476938346,0.22470555151787555,0.021395720855828835,44,74,ecfp_cluster,tanimoto_cluster,40,5000
unseen_chemotype,MC_vs_MC_all2d,MC,MC_all2d,0.07666669260834195,-0.03364377869333812,0.16888733533829978,0.06758648270345931,41,74,ecfp_cluster,tanimoto_cluster,40,5000
unseen_chemotype,MC_vs_MC_everything,MC,MC_everything,0.0744914540793355,-0.041457661526189925,0.18051664880223356,0.08778244351129774,40,74,ecfp_cluster,tanimoto_cluster,40,5000
unseen_chemotype,MC_vs_MC_massaction,MC,MC_massaction,0.015656614399024656,-0.02270015917032422,0.05527566150028155,0.1921615676864627,37,74,ecfp_cluster,tanimoto_cluster,40,5000
unseen_chemotype,MC_vs_MC_ecfp_massaction,MC,MC_ecfp_massaction,0.0943788202618124,-0.04479917280591613,0.18529923594774414,0.08998200359928014,49,74,ecfp_cluster,tanimoto_cluster,40,5000
unseen_chemotype,MC_vs_MC_lig2d_ext_massaction,MC,MC_lig2d_ext_massaction,0.11316768341253124,0.00017096598223773096,0.23728924121144895,0.02519496100779844,49,74,ecfp_cluster,tanimoto_cluster,40,5000
unseen_chemotype,MC_vs_MC_all2d_massaction,MC,MC_all2d_massaction,0.08158307057933738,-0.03281864593416648,0.18978551917903597,0.0625874825034993,44,74,ecfp_cluster,tanimoto_cluster,40,5000
unseen_chemotype,MC_vs_MC_everything_massaction,MC,MC_everything_massaction,0.0726963517640717,-0.042666338493630315,0.18752903278629535,0.08758248350329934,43,74,ecfp_cluster,tanimoto_cluster,40,5000
unseen_chemotype,MC_vs_MC_ecfp_SHUF,MC,MC_ecfp_SHUF,-0.03921179096621115,-0.07479384555271608,0.007551665685466338,0.9510097980403919,33,74,ecfp_cluster,tanimoto_cluster,40,5000
unseen_chemotype,MC_vs_MC_lig2d_ext_SHUF,MC,MC_lig2d_ext_SHUF,-0.04353164716127277,-0.08940743875599778,0.011571443656796144,0.946010797840432,30,74,ecfp_cluster,tanimoto_cluster,40,5000
unseen_chemotype,MC_vs_MC_cond_SHUF,MC,MC_cond_SHUF,-0.3691796163535935,-0.5522295323360197,-0.24406045600176565,1.0,17,74,ecfp_cluster,tanimoto_cluster,40,5000
unseen_chemotype,MC_vs_MC_massaction_SHUF,MC,MC_massaction_SHUF,-0.01179000076439869,-0.056484127476641305,0.015125392191436689,0.7764447110577885,38,74,ecfp_cluster,tanimoto_cluster,40,5000
unseen_chemotype,MC_vs_NULL_metal_mean,MC,NULL_metal_mean,-0.3243035938322651,-0.48667843766705776,-0.16432187547621413,1.0,18,74,ecfp_cluster,tanimoto_cluster,40,5000
unseen_chemotype,MC_vs_NULL_global_mean,MC,NULL_global_mean,-0.3082107979631391,-0.48711728750504535,-0.1440482967831102,0.9998000399920016,23,74,ecfp_cluster,tanimoto_cluster,40,5000
unseen_chemotype,MC_vs_NULL_extractant_mean,MC,NULL_extractant_mean,-0.3082107979631391,-0.48711728750504535,-0.1440482967831102,0.9998000399920016,23,74,ecfp_cluster,tanimoto_cluster,40,5000
unseen_chemotype,MC_vs_NULL_nearest_condition,MC,NULL_nearest_condition,-0.3082107979631391,-0.48711728750504535,-0.1440482967831102,0.9998000399920016,23,74,ecfp_cluster,tanimoto_cluster,40,5000
unseen_chemotype,MC_all2d_vs_A_metal,MC_all2d,A_metal,-0.3005893136159639,-0.43189583978418283,-0.13434006309807192,0.999000199960008,18,74,ecfp_cluster,tanimoto_cluster,40,5000
unseen_chemotype,MC_all2d_vs_A_cond,MC_all2d,A_cond,-0.12202591144772933,-0.2169309241024402,0.026573371660961322,0.9500099980003999,29,74,ecfp_cluster,tanimoto_cluster,40,5000
unseen_chemotype,MC_all2d_vs_MC,MC_all2d,MC,-0.07666669260834195,-0.16888733533829983,0.033643778693338046,0.9326134773045391,33,74,ecfp_cluster,tanimoto_cluster,40,5000
unseen_chemotype,MC_all2d_vs_MC_ecfp,MC_all2d,MC_ecfp,0.016058073135390455,-0.07756984136296388,0.07736972427782003,0.39112177564487105,36,74,ecfp_cluster,tanimoto_cluster,40,5000
unseen_chemotype,MC_all2d_vs_MC_lig2d_ext,MC_all2d,MC_lig2d_ext,0.032958280901101825,0.0008659159618698422,0.08314933513360215,0.020795840831833633,40,74,ecfp_cluster,tanimoto_cluster,40,5000
unseen_chemotype,MC_all2d_vs_MC_everything,MC_all2d,MC_everything,-0.0021752385290064787,-0.03629711475131207,0.04601652260642382,0.5718856228754249,30,74,ecfp_cluster,tanimoto_cluster,40,5000
unseen_chemotype,MC_all2d_vs_MC_massaction,MC_all2d,MC_massaction,-0.0610100782093173,-0.13545255604614556,0.034486991356918684,0.9134173165366927,33,74,ecfp_cluster,tanimoto_cluster,40,5000
unseen_chemotype,MC_all2d_vs_MC_ecfp_massaction,MC_all2d,MC_ecfp_massaction,0.01771212765347041,-0.05847764157061841,0.06582121535623289,0.33373325334933013,41,74,ecfp_cluster,tanimoto_cluster,40,5000
unseen_chemotype,MC_all2d_vs_MC_lig2d_ext_massaction,MC_all2d,MC_lig2d_ext_massaction,0.03650099080418927,-0.0041586929397860435,0.10030361775605647,0.04479104179164167,44,74,ecfp_cluster,tanimoto_cluster,40,5000
unseen_chemotype,MC_all2d_vs_MC_all2d_massaction,MC_all2d,MC_all2d_massaction,0.004916377970995414,-0.018235292508874505,0.03974073677968056,0.36212757448510297,41,74,ecfp_cluster,tanimoto_cluster,40,5000
unseen_chemotype,MC_all2d_vs_MC_everything_massaction,MC_all2d,MC_everything_massaction,-0.00397034084427025,-0.04064357490243276,0.056776173961147626,0.5728854229154169,32,74,ecfp_cluster,tanimoto_cluster,40,5000
unseen_chemotype,MC_all2d_vs_MC_ecfp_SHUF,MC_all2d,MC_ecfp_SHUF,-0.11587848357455309,-0.19353575869748202,-0.011561696939172852,0.9828034393121375,26,74,ecfp_cluster,tanimoto_cluster,40,5000
unseen_chemotype,MC_all2d_vs_MC_lig2d_ext_SHUF,MC_all2d,MC_lig2d_ext_SHUF,-0.12019833976961473,-0.19555527477615675,-0.018873858088174676,0.9870025994801039,30,74,ecfp_cluster,tanimoto_cluster,40,5000
unseen_chemotype,MC_all2d_vs_MC_cond_SHUF,MC_all2d,MC_cond_SHUF,-0.4458463089619354,-0.6238525814060843,-0.3100255984224386,1.0,9,74,ecfp_cluster,tanimoto_cluster,40,5000
unseen_chemotype,MC_all2d_vs_MC_massaction_SHUF,MC_all2d,MC_massaction_SHUF,-0.08845669337274063,-0.1765765462826809,0.0026741823661233437,0.9728054389122176,30,74,ecfp_cluster,tanimoto_cluster,40,5000
unseen_chemotype,MC_all2d_vs_NULL_metal_mean,MC_all2d,NULL_metal_mean,-0.4009702864406071,-0.562865253848953,-0.21372549128598495,1.0,15,74,ecfp_cluster,tanimoto_cluster,40,5000
unseen_chemotype,MC_all2d_vs_NULL_global_mean,MC_all2d,NULL_global_mean,-0.3848774905714811,-0.5643290090662366,-0.1923833612175571,1.0,19,74,ecfp_cluster,tanimoto_cluster,40,5000
unseen_chemotype,MC_all2d_vs_NULL_extractant_mean,MC_all2d,NULL_extractant_mean,-0.3848774905714811,-0.5643290090662366,-0.1923833612175571,1.0,19,74,ecfp_cluster,tanimoto_cluster,40,5000
unseen_chemotype,MC_all2d_vs_NULL_nearest_condition,MC_all2d,NULL_nearest_condition,-0.3848774905714811,-0.5643290090662366,-0.1923833612175571,1.0,19,74,ecfp_cluster,tanimoto_cluster,40,5000
unseen_chemotype,A_metal_vs_A_cond,A_metal,A_cond,0.17856340216823458,0.05270129081216729,0.3506502777987896,0.003199360127974405,47,74,ecfp_cluster,tanimoto_cluster,40,5000
unseen_chemotype,A_metal_vs_MC,A_metal,MC,0.22392262100762192,0.07513593428444013,0.3648123544940412,0.0021995600879824036,50,74,ecfp_cluster,tanimoto_cluster,40,5000
unseen_chemotype,A_metal_vs_MC_ecfp,A_metal,MC_ecfp,0.31664738675135434,0.10184837709475705,0.4575429560502605,0.002599480103979204,54,74,ecfp_cluster,tanimoto_cluster,40,5000
unseen_chemotype,A_metal_vs_MC_lig2d_ext,A_metal,MC_lig2d_ext,0.33354759451706567,0.18426452848594874,0.47761222616398386,0.0001999600079984003,60,74,ecfp_cluster,tanimoto_cluster,40,5000
unseen_chemotype,A_metal_vs_MC_all2d,A_metal,MC_all2d,0.3005893136159639,0.1343400630980718,0.4318958397841827,0.0011997600479904018,56,74,ecfp_cluster,tanimoto_cluster,40,5000
unseen_chemotype,A_metal_vs_MC_everything,A_metal,MC_everything,0.29841407508695744,0.13233770324316416,0.4327550651776144,0.0011997600479904018,60,74,ecfp_cluster,tanimoto_cluster,40,5000
unseen_chemotype,A_metal_vs_MC_massaction,A_metal,MC_massaction,0.2395792354066466,0.08879192213440269,0.38359522555843617,0.0021995600879824036,46,74,ecfp_cluster,tanimoto_cluster,40,5000
unseen_chemotype,A_metal_vs_MC_ecfp_massaction,A_metal,MC_ecfp_massaction,0.31830144126943427,0.10595501199634516,0.46317616496511965,0.0023995200959808036,54,74,ecfp_cluster,tanimoto_cluster,40,5000
unseen_chemotype,A_metal_vs_MC_lig2d_ext_massaction,A_metal,MC_lig2d_ext_massaction,0.33709030442015314,0.17734542486913135,0.4902564487667199,0.0001999600079984003,58,74,ecfp_cluster,tanimoto_cluster,40,5000
unseen_chemotype,A_metal_vs_MC_all2d_massaction,A_metal,MC_all2d_massaction,0.30550569158695934,0.13368453058549112,0.45223931275154633,0.0015996800639872025,56,74,ecfp_cluster,tanimoto_cluster,40,5000
unseen_chemotype,A_metal_vs_MC_everything_massaction,A_metal,MC_everything_massaction,0.2966189727716936,0.13313951732058152,0.4428062262538102,0.0013997200559888023,61,74,ecfp_cluster,tanimoto_cluster,40,5000
unseen_chemotype,A_metal_vs_MC_ecfp_SHUF,A_metal,MC_ecfp_SHUF,0.18471083004141078,0.06050593501683172,0.318125162520703,0.002999400119976005,47,74,ecfp_cluster,tanimoto_cluster,40,5000
unseen_chemotype,A_metal_vs_MC_lig2d_ext_SHUF,A_metal,MC_lig2d_ext_SHUF,0.18039097384634914,0.05983868099292955,0.30545479908568685,0.002599480103979204,47,74,ecfp_cluster,tanimoto_cluster,40,5000
unseen_chemotype,A_metal_vs_MC_cond_SHUF,A_metal,MC_cond_SHUF,-0.14525699534597147,-0.2444542631322629,-0.07452367256242522,1.0,15,74,ecfp_cluster,tanimoto_cluster,40,5000
unseen_chemotype,A_metal_vs_MC_massaction_SHUF,A_metal,MC_massaction_SHUF,0.21213262024322324,0.06641160733862189,0.33577317746709995,0.002599480103979204,48,74,ecfp_cluster,tanimoto_cluster,40,5000
unseen_chemotype,A_metal_vs_NULL_metal_mean,A_metal,NULL_metal_mean,-0.10038097282464319,-0.166943204488111,-0.0381070843083881,0.9982003599280144,21,74,ecfp_cluster,tanimoto_cluster,40,5000
unseen_chemotype,A_metal_vs_NULL_global_mean,A_metal,NULL_global_mean,-0.08428817695551717,-0.1684477554271919,-0.01815435034192348,0.9924015196960608,26,74,ecfp_cluster,tanimoto_cluster,40,5000
unseen_chemotype,A_metal_vs_NULL_extractant_mean,A_metal,NULL_extractant_mean,-0.08428817695551717,-0.1684477554271919,-0.01815435034192348,0.9924015196960608,26,74,ecfp_cluster,tanimoto_cluster,40,5000
unseen_chemotype,A_metal_vs_NULL_nearest_condition,A_metal,NULL_nearest_condition,-0.08428817695551717,-0.1684477554271919,-0.01815435034192348,0.9924015196960608,26,74,ecfp_cluster,tanimoto_cluster,40,5000
unseen_chemotype,MC_lig2d_ext_vs_A_metal,MC_lig2d_ext,A_metal,-0.33354759451706567,-0.4776122261639841,-0.184264528485949,1.0,14,74,ecfp_cluster,tanimoto_cluster,40,5000
unseen_chemotype,MC_lig2d_ext_vs_A_cond,MC_lig2d_ext,A_cond,-0.15498419234883115,-0.24522463205962647,-0.025949125893517878,0.9868026394721056,22,74,ecfp_cluster,tanimoto_cluster,40,5000
unseen_chemotype,MC_lig2d_ext_vs_MC,MC_lig2d_ext,MC,-0.1096249735094438,-0.22470555151787566,-0.005737389476938418,0.9788042391521695,30,74,ecfp_cluster,tanimoto_cluster,40,5000
unseen_chemotype,MC_lig2d_ext_vs_MC_ecfp,MC_lig2d_ext,MC_ecfp,-0.016900207765711373,-0.15141859542977573,0.07365260578798818,0.6412717456508699,34,74,ecfp_cluster,tanimoto_cluster,40,5000
unseen_chemotype,MC_lig2d_ext_vs_MC_all2d,MC_lig2d_ext,MC_all2d,-0.032958280901101825,-0.08314933513360218,-0.0008659159618698611,0.9794041191761648,34,74,ecfp_cluster,tanimoto_cluster,40,5000
unseen_chemotype,MC_lig2d_ext_vs_MC_everything,MC_lig2d_ext,MC_everything,-0.035133519430108305,-0.08979279944132418,-0.00030439540661038637,0.976004799040192,24,74,ecfp_cluster,tanimoto_cluster,40,5000
unseen_chemotype,MC_lig2d_ext_vs_MC_massaction,MC_lig2d_ext,MC_massaction,-0.09396835911041915,-0.1857905631950802,-0.007566848712127186,0.9818036392721455,31,74,ecfp_cluster,tanimoto_cluster,40,5000
unseen_chemotype,MC_lig2d_ext_vs_MC_ecfp_massaction,MC_lig2d_ext,MC_ecfp_massaction,-0.015246153247631422,-0.13151484033866864,0.05951730657789714,0.6538692261547691,34,74,ecfp_cluster,tanimoto_cluster,40,5000
unseen_chemotype,MC_lig2d_ext_vs_MC_lig2d_ext_massaction,MC_lig2d_ext,MC_lig2d_ext_massaction,0.003542709903087435,-0.017220875256846548,0.026625334232700398,0.3607278544291142,38,74,ecfp_cluster,tanimoto_cluster,40,5000
unseen_chemotype,MC_lig2d_ext_vs_MC_all2d_massaction,MC_lig2d_ext,MC_all2d_massaction,-0.028041902930106413,-0.06811420417477934,-0.004039511602161352,0.99000199960008,31,74,ecfp_cluster,tanimoto_cluster,40,5000
unseen_chemotype,MC_lig2d_ext_vs_MC_everything_massaction,MC_lig2d_ext,MC_everything_massaction,-0.03692862174537208,-0.08099714508088036,5.30587881663786e-05,0.9744051189762047,23,74,ecfp_cluster,tanimoto_cluster,40,5000
unseen_chemotype,MC_lig2d_ext_vs_MC_ecfp_SHUF,MC_lig2d_ext,MC_ecfp_SHUF,-0.14883676447565497,-0.24558287763162703,-0.05040013861423325,0.9956008798240352,23,74,ecfp_cluster,tanimoto_cluster,40,5000
unseen_chemotype,MC_lig2d_ext_vs_MC_lig2d_ext_SHUF,MC_lig2d_ext,MC_lig2d_ext_SHUF,-0.15315662067071656,-0.24843517220115466,-0.059189796540530144,0.997000599880024,24,74,ecfp_cluster,tanimoto_cluster,40,5000
unseen_chemotype,MC_lig2d_ext_vs_MC_cond_SHUF,MC_lig2d_ext,MC_cond_SHUF,-0.4788045898630371,-0.6742001197342303,-0.34272701463364164,1.0,10,74,ecfp_cluster,tanimoto_cluster,40,5000
unseen_chemotype,MC_lig2d_ext_vs_MC_massaction_SHUF,MC_lig2d_ext,MC_massaction_SHUF,-0.1214149742738425,-0.24046106337267584,-0.029213859947431788,0.9924015196960608,26,74,ecfp_cluster,tanimoto_cluster,40,5000
unseen_chemotype,MC_lig2d_ext_vs_NULL_metal_mean,MC_lig2d_ext,NULL_metal_mean,-0.4339285673417089,-0.6090017078423318,-0.26222058383642616,1.0,10,74,ecfp_cluster,tanimoto_cluster,40,5000
unseen_chemotype,MC_lig2d_ext_vs_NULL_global_mean,MC_lig2d_ext,NULL_global_mean,-0.4178357714725829,-0.6103912480097234,-0.23780684268331972,1.0,19,74,ecfp_cluster,tanimoto_cluster,40,5000
unseen_chemotype,MC_lig2d_ext_vs_NULL_extractant_mean,MC_lig2d_ext,NULL_extractant_mean,-0.4178357714725829,-0.6103912480097234,-0.23780684268331972,1.0,19,74,ecfp_cluster,tanimoto_cluster,40,5000
unseen_chemotype,MC_lig2d_ext_vs_NULL_nearest_condition,MC_lig2d_ext,NULL_nearest_condition,-0.4178357714725829,-0.6103912480097234,-0.23780684268331972,1.0,19,74,ecfp_cluster,tanimoto_cluster,40,5000
unseen_conditions,MC_ecfp_vs_A_metal,MC_ecfp,A_metal,-0.5214408877005535,-0.6933481909902918,-0.3512210516548581,1.0,18,74,ecfp_cluster,ecfp_cluster,74,5000
unseen_conditions,MC_ecfp_vs_A_cond,MC_ecfp,A_cond,-0.23916991870842252,-0.3573583870015046,-0.11634888612996355,1.0,24,74,ecfp_cluster,ecfp_cluster,74,5000
unseen_conditions,MC_ecfp_vs_MC,MC_ecfp,MC,-0.22602044513498082,-0.3436526017186906,-0.10494453950844827,1.0,23,74,ecfp_cluster,ecfp_cluster,74,5000
unseen_conditions,MC_ecfp_vs_MC_lig2d_ext,MC_ecfp,MC_lig2d_ext,0.011655277884529667,-0.08954909795843627,0.11817313066085067,0.41931613677264545,28,74,ecfp_cluster,ecfp_cluster,74,5000
unseen_conditions,MC_ecfp_vs_MC_all2d,MC_ecfp,MC_all2d,0.005524960313413088,-0.07792885670685447,0.09111435970782153,0.4549090181963607,28,74,ecfp_cluster,ecfp_cluster,74,5000
unseen_conditions,MC_ecfp_vs_MC_everything,MC_ecfp,MC_everything,0.0352576919249227,-0.0420691476928307,0.1185375182658706,0.20215956808638272,37,74,ecfp_cluster,ecfp_cluster,74,5000
unseen_conditions,MC_ecfp_vs_MC_massaction,MC_ecfp,MC_massaction,-0.16747811162973186,-0.2801217789224687,-0.049381709666192417,0.998000399920016,33,74,ecfp_cluster,ecfp_cluster,74,5000
unseen_conditions,MC_ecfp_vs_MC_ecfp_massaction,MC_ecfp,MC_ecfp_massaction,0.061910679740315167,0.031611990053601456,0.09235829183414108,0.0001999600079984003,53,74,ecfp_cluster,ecfp_cluster,74,5000
unseen_conditions,MC_ecfp_vs_MC_lig2d_ext_massaction,MC_ecfp,MC_lig2d_ext_massaction,0.06964161977052956,-0.030638268336074234,0.17269539474050988,0.08478304339132174,48,74,ecfp_cluster,ecfp_cluster,74,5000
unseen_conditions,MC_ecfp_vs_MC_all2d_massaction,MC_ecfp,MC_all2d_massaction,0.06548530424616633,-0.02007694227615032,0.1516722633507722,0.0655868826234753,46,74,ecfp_cluster,ecfp_cluster,74,5000
unseen_conditions,MC_ecfp_vs_MC_everything_massaction,MC_ecfp,MC_everything_massaction,0.06015155074969019,-0.01891657135428817,0.14319577300354938,0.07078584283143372,46,74,ecfp_cluster,ecfp_cluster,74,5000
unseen_conditions,MC_ecfp_vs_MC_ecfp_SHUF,MC_ecfp,MC_ecfp_SHUF,-0.25393712353949033,-0.36242151332921296,-0.14314682173699575,1.0,17,74,ecfp_cluster,ecfp_cluster,74,5000
unseen_conditions,MC_ecfp_vs_MC_lig2d_ext_SHUF,MC_ecfp,MC_lig2d_ext_SHUF,-0.26570227362052484,-0.3731763959263421,-0.15698039226280483,1.0,13,74,ecfp_cluster,ecfp_cluster,74,5000
unseen_conditions,MC_ecfp_vs_MC_cond_SHUF,MC_ecfp,MC_cond_SHUF,-0.638709291924859,-0.8131335538717103,-0.46981879936109283,1.0,15,74,ecfp_cluster,ecfp_cluster,74,5000
unseen_conditions,MC_ecfp_vs_MC_massaction_SHUF,MC_ecfp,MC_massaction_SHUF,-0.24467376637534988,-0.34958789329655465,-0.13619882627124655,1.0,17,74,ecfp_cluster,ecfp_cluster,74,5000
unseen_conditions,MC_ecfp_vs_NULL_metal_mean,MC_ecfp,NULL_metal_mean,-0.5205904140015514,-0.7098138593726123,-0.34126236457638826,1.0,15,74,ecfp_cluster,ecfp_cluster,74,5000
unseen_conditions,MC_ecfp_vs_NULL_global_mean,MC_ecfp,NULL_global_mean,-0.5418048666053555,-0.735192041826069,-0.3607257975526687,1.0,19,74,ecfp_cluster,ecfp_cluster,74,5000
unseen_conditions,MC_ecfp_vs_NULL_extractant_mean,MC_ecfp,NULL_extractant_mean,-0.25214176081734657,-0.3828087180569125,-0.11752717723506931,0.9996000799840032,20,74,ecfp_cluster,ecfp_cluster,74,5000
unseen_conditions,MC_ecfp_vs_NULL_nearest_condition,MC_ecfp,NULL_nearest_condition,-0.06899451567541627,-0.2021578399065633,0.059674962344315824,0.8538292341531694,35,74,ecfp_cluster,ecfp_cluster,74,5000
unseen_conditions,MC_vs_A_metal,MC,A_metal,-0.29542044256557265,-0.4744078259096923,-0.11924129947044908,1.0,28,74,ecfp_cluster,ecfp_cluster,74,5000
unseen_conditions,MC_vs_A_cond,MC,A_cond,-0.013149473573441647,-0.04258681355170165,0.01732433854167656,0.8032393521295741,34,74,ecfp_cluster,ecfp_cluster,74,5000
unseen_conditions,MC_vs_MC_ecfp,MC,MC_ecfp,0.22602044513498082,0.10494453950844825,0.3436526017186906,0.0001999600079984003,51,74,ecfp_cluster,ecfp_cluster,74,5000
unseen_conditions,MC_vs_MC_lig2d_ext,MC,MC_lig2d_ext,0.23767572301951048,0.1283683587317317,0.35050660696678565,0.0001999600079984003,48,74,ecfp_cluster,ecfp_cluster,74,5000
unseen_conditions,MC_vs_MC_all2d,MC,MC_all2d,0.23154540544839397,0.12249419075247582,0.3421597715229728,0.0001999600079984003,47,74,ecfp_cluster,ecfp_cluster,74,5000
unseen_conditions,MC_vs_MC_everything,MC,MC_everything,0.26127813705990355,0.14887294513293078,0.3751886063751613,0.0001999600079984003,48,74,ecfp_cluster,ecfp_cluster,74,5000
unseen_conditions,MC_vs_MC_massaction,MC,MC_massaction,0.05854233350524898,0.019777825333939902,0.09907921275910031,0.0015996800639872025,53,74,ecfp_cluster,ecfp_cluster,74,5000
unseen_conditions,MC_vs_MC_ecfp_massaction,MC,MC_ecfp_massaction,0.287931124875296,0.16515234813490476,0.40723726247256853,0.0001999600079984003,56,74,ecfp_cluster,ecfp_cluster,74,5000
unseen_conditions,MC_vs_MC_lig2d_ext_massaction,MC,MC_lig2d_ext_massaction,0.29566206490551034,0.18403228605137545,0.40913502903924387,0.0001999600079984003,58,74,ecfp_cluster,ecfp_cluster,74,5000
unseen_conditions,MC_vs_MC_all2d_massaction,MC,MC_all2d_massaction,0.2915057493811472,0.17963567349992052,0.4031944968202722,0.0001999600079984003,55,74,ecfp_cluster,ecfp_cluster,74,5000
unseen_conditions,MC_vs_MC_everything_massaction,MC,MC_everything_massaction,0.286171995884671,0.17450500665999538,0.3950523518925471,0.0001999600079984003,53,74,ecfp_cluster,ecfp_cluster,74,5000
unseen_conditions,MC_vs_MC_ecfp_SHUF,MC,MC_ecfp_SHUF,-0.027916678404509503,-0.06585338987177525,0.009335601758434321,0.9280143971205759,31,74,ecfp_cluster,ecfp_cluster,74,5000
unseen_conditions,MC_vs_MC_lig2d_ext_SHUF,MC,MC_lig2d_ext_SHUF,-0.03968182848554401,-0.08567189224464507,0.007114266410549782,0.9506098780243951,27,74,ecfp_cluster,ecfp_cluster,74,5000
unseen_conditions,MC_vs_MC_cond_SHUF,MC,MC_cond_SHUF,-0.41268884678987827,-0.5887798391784483,-0.24135605252194547,1.0,26,74,ecfp_cluster,ecfp_cluster,74,5000
unseen_conditions,MC_vs_MC_massaction_SHUF,MC,MC_massaction_SHUF,-0.018653321240369003,-0.05018906613693118,0.013993792906575035,0.8708258348330334,30,74,ecfp_cluster,ecfp_cluster,74,5000
unseen_conditions,MC_vs_NULL_metal_mean,MC,NULL_metal_mean,-0.2945699688665706,-0.49219731418429025,-0.10462259512143546,0.999000199960008,29,74,ecfp_cluster,ecfp_cluster,74,5000
unseen_conditions,MC_vs_NULL_global_mean,MC,NULL_global_mean,-0.3157844214703748,-0.5083310425272313,-0.12789981421924043,0.9996000799840032,28,74,ecfp_cluster,ecfp_cluster,74,5000
unseen_conditions,MC_vs_NULL_extractant_mean,MC,NULL_extractant_mean,-0.026121315682365677,-0.16694513889058296,0.11030543278912268,0.6492701459708058,30,74,ecfp_cluster,ecfp_cluster,74,5000
unseen_conditions,MC_vs_NULL_nearest_condition,MC,NULL_nearest_condition,0.15702592945956453,0.022743578322899374,0.2846826142082823,0.012997400519896021,49,74,ecfp_cluster,ecfp_cluster,74,5000
unseen_conditions,MC_all2d_vs_A_metal,MC_all2d,A_metal,-0.5269658480139665,-0.6953253636902029,-0.36411916954204804,1.0,18,74,ecfp_cluster,ecfp_cluster,74,5000
unseen_conditions,MC_all2d_vs_A_cond,MC_all2d,A_cond,-0.2446948790218356,-0.35521098478293117,-0.1326066347731264,1.0,23,74,ecfp_cluster,ecfp_cluster,74,5000
unseen_conditions,MC_all2d_vs_MC,MC_all2d,MC,-0.23154540544839397,-0.34215977152297283,-0.12249419075247582,1.0,27,74,ecfp_cluster,ecfp_cluster,74,5000
unseen_conditions,MC_all2d_vs_MC_ecfp,MC_all2d,MC_ecfp,-0.005524960313413088,-0.09111435970782153,0.07792885670685436,0.5452909418116376,46,74,ecfp_cluster,ecfp_cluster,74,5000
unseen_conditions,MC_all2d_vs_MC_lig2d_ext,MC_all2d,MC_lig2d_ext,0.0061303175711165895,-0.019135601931962374,0.03246426940455479,0.3275344931013797,36,74,ecfp_cluster,ecfp_cluster,74,5000
unseen_conditions,MC_all2d_vs_MC_everything,MC_all2d,MC_everything,0.029732731611509623,-0.010859881369351235,0.07525408722664297,0.07978404319136173,40,74,ecfp_cluster,ecfp_cluster,74,5000
unseen_conditions,MC_all2d_vs_MC_massaction,MC_all2d,MC_massaction,-0.17300307194314496,-0.28141686984331343,-0.06723626565558549,0.9992001599680064,31,74,ecfp_cluster,ecfp_cluster,74,5000
unseen_conditions,MC_all2d_vs_MC_ecfp_massaction,MC_all2d,MC_ecfp_massaction,0.05638571942690211,-0.03197691377904558,0.1435446479469102,0.10457908418316336,56,74,ecfp_cluster,ecfp_cluster,74,5000
unseen_conditions,MC_all2d_vs_MC_lig2d_ext_massaction,MC_all2d,MC_lig2d_ext_massaction,0.06411665945711645,0.02949883795769583,0.09938001897919331,0.0005998800239952009,50,74,ecfp_cluster,ecfp_cluster,74,5000
unseen_conditions,MC_all2d_vs_MC_all2d_massaction,MC_all2d,MC_all2d_massaction,0.05996034393275326,0.03191564262697112,0.08901233655259906,0.0001999600079984003,52,74,ecfp_cluster,ecfp_cluster,74,5000
unseen_conditions,MC_all2d_vs_MC_everything_massaction,MC_all2d,MC_everything_massaction,0.054626590436277114,0.011333165559808695,0.1004591496915099,0.008398320335932814,45,74,ecfp_cluster,ecfp_cluster,74,5000
unseen_conditions,MC_all2d_vs_MC_ecfp_SHUF,MC_all2d,MC_ecfp_SHUF,-0.2594620838529034,-0.3621588554179873,-0.15898486204761644,1.0,21,74,ecfp_cluster,ecfp_cluster,74,5000
unseen_conditions,MC_all2d_vs_MC_lig2d_ext_SHUF,MC_all2d,MC_lig2d_ext_SHUF,-0.27122723393393794,-0.37369744247198583,-0.17095707468254226,1.0,17,74,ecfp_cluster,ecfp_cluster,74,5000
unseen_conditions,MC_all2d_vs_MC_cond_SHUF,MC_all2d,MC_cond_SHUF,-0.6442342522382721,-0.8139382536544447,-0.48411373284441467,1.0,13,74,ecfp_cluster,ecfp_cluster,74,5000
unseen_conditions,MC_all2d_vs_MC_massaction_SHUF,MC_all2d,MC_massaction_SHUF,-0.250198726688763,-0.34893076807544443,-0.1523698022690077,1.0,20,74,ecfp_cluster,ecfp_cluster,74,5000
unseen_conditions,MC_all2d_vs_NULL_metal_mean,MC_all2d,NULL_metal_mean,-0.5261153743149645,-0.710869318855158,-0.35446761520381,1.0,15,74,ecfp_cluster,ecfp_cluster,74,5000
unseen_conditions,MC_all2d_vs_NULL_global_mean,MC_all2d,NULL_global_mean,-0.5473298269187687,-0.7385125940167805,-0.3727882429128862,1.0,17,74,ecfp_cluster,ecfp_cluster,74,5000
unseen_conditions,MC_all2d_vs_NULL_extractant_mean,MC_all2d,NULL_extractant_mean,-0.2576667211307596,-0.36831127891972776,-0.14009255720453048,1.0,17,74,ecfp_cluster,ecfp_cluster,74,5000
unseen_conditions,MC_all2d_vs_NULL_nearest_condition,MC_all2d,NULL_nearest_condition,-0.07451947598882935,-0.1845124248061387,0.03567654952737516,0.9084183163367326,31,74,ecfp_cluster,ecfp_cluster,74,5000
unseen_conditions,A_metal_vs_A_cond,A_metal,A_cond,0.28227096899213094,0.10201624881802628,0.46270330546092975,0.001799640071985603,46,74,ecfp_cluster,ecfp_cluster,74,5000
unseen_conditions,A_metal_vs_MC,A_metal,MC,0.29542044256557265,0.11924129947044905,0.47440782590969216,0.0001999600079984003,46,74,ecfp_cluster,ecfp_cluster,74,5000
unseen_conditions,A_metal_vs_MC_ecfp,A_metal,MC_ecfp,0.5214408877005535,0.35122105165485795,0.6933481909902915,0.0001999600079984003,56,74,ecfp_cluster,ecfp_cluster,74,5000
unseen_conditions,A_metal_vs_MC_lig2d_ext,A_metal,MC_lig2d_ext,0.5330961655850831,0.36894467162509487,0.70299719347297,0.0001999600079984003,55,74,ecfp_cluster,ecfp_cluster,74,5000
unseen_conditions,A_metal_vs_MC_all2d,A_metal,MC_all2d,0.5269658480139665,0.3641191695420479,0.6953253636902028,0.0001999600079984003,56,74,ecfp_cluster,ecfp_cluster,74,5000
unseen_conditions,A_metal_vs_MC_everything,A_metal,MC_everything,0.5566985796254762,0.39594336448490597,0.7239230864961388,0.0001999600079984003,57,74,ecfp_cluster,ecfp_cluster,74,5000
unseen_conditions,A_metal_vs_MC_massaction,A_metal,MC_massaction,0.3539627760708216,0.1664728711521536,0.545307146984071,0.0001999600079984003,49,74,ecfp_cluster,ecfp_cluster,74,5000
unseen_conditions,A_metal_vs_MC_ecfp_massaction,A_metal,MC_ecfp_massaction,0.5833515674408686,0.4032528449694313,0.7665584081913192,0.0001999600079984003,56,74,ecfp_cluster,ecfp_cluster,74,5000
unseen_conditions,A_metal_vs_MC_lig2d_ext_massaction,A_metal,MC_lig2d_ext_massaction,0.5910825074710828,0.42006718322579567,0.7706626780385545,0.0001999600079984003,55,74,ecfp_cluster,ecfp_cluster,74,5000
unseen_conditions,A_metal_vs_MC_all2d_massaction,A_metal,MC_all2d_massaction,0.5869261919467199,0.41260844844814165,0.7669844290086222,0.0001999600079984003,57,74,ecfp_cluster,ecfp_cluster,74,5000
unseen_conditions,A_metal_vs_MC_everything_massaction,A_metal,MC_everything_massaction,0.5815924384502437,0.41451194643255174,0.7535907436700195,0.0001999600079984003,57,74,ecfp_cluster,ecfp_cluster,74,5000
unseen_conditions,A_metal_vs_MC_ecfp_SHUF,A_metal,MC_ecfp_SHUF,0.2675037641610631,0.11396269243243372,0.4266638184959125,0.0003999200159968006,46,74,ecfp_cluster,ecfp_cluster,74,5000
unseen_conditions,A_metal_vs_MC_lig2d_ext_SHUF,A_metal,MC_lig2d_ext_SHUF,0.2557386140800286,0.11172642504748483,0.4089036349489365,0.0001999600079984003,46,74,ecfp_cluster,ecfp_cluster,74,5000
unseen_conditions,A_metal_vs_MC_cond_SHUF,A_metal,MC_cond_SHUF,-0.11726840422430564,-0.1524177708935417,-0.08372047239149427,1.0,17,74,ecfp_cluster,ecfp_cluster,74,5000
unseen_conditions,A_metal_vs_MC_massaction_SHUF,A_metal,MC_massaction_SHUF,0.2767671213252036,0.12363357662118878,0.4356399730501059,0.0001999600079984003,48,74,ecfp_cluster,ecfp_cluster,74,5000
unseen_conditions,A_metal_vs_NULL_metal_mean,A_metal,NULL_metal_mean,0.0008504736990020247,-0.0715120184710383,0.07007828356596925,0.5006998600279944,38,74,ecfp_cluster,ecfp_cluster,74,5000
unseen_conditions,A_metal_vs_NULL_global_mean,A_metal,NULL_global_mean,-0.02036397890480219,-0.0898700110616921,0.04676306318299555,0.7254549090181963,41,74,ecfp_cluster,ecfp_cluster,74,5000
unseen_conditions,A_metal_vs_NULL_extractant_mean,A_metal,NULL_extractant_mean,0.2692991268832069,0.1223140897930144,0.4194379933886472,0.0001999600079984003,48,74,ecfp_cluster,ecfp_cluster,74,5000
unseen_conditions,A_metal_vs_NULL_nearest_condition,A_metal,NULL_nearest_condition,0.4524463720251372,0.2817696247199993,0.6236825259353443,0.0001999600079984003,55,74,ecfp_cluster,ecfp_cluster,74,5000
unseen_conditions,MC_lig2d_ext_vs_A_metal,MC_lig2d_ext,A_metal,-0.5330961655850831,-0.7029971934729701,-0.36894467162509487,1.0,19,74,ecfp_cluster,ecfp_cluster,74,5000
unseen_conditions,MC_lig2d_ext_vs_A_cond,MC_lig2d_ext,A_cond,-0.25082519659295216,-0.3641818355549313,-0.13989152385030337,1.0,23,74,ecfp_cluster,ecfp_cluster,74,5000
unseen_conditions,MC_lig2d_ext_vs_MC,MC_lig2d_ext,MC,-0.23767572301951048,-0.3505066069667857,-0.12836835873173214,1.0,26,74,ecfp_cluster,ecfp_cluster,74,5000
unseen_conditions,MC_lig2d_ext_vs_MC_ecfp,MC_lig2d_ext,MC_ecfp,-0.011655277884529667,-0.1181731306608508,0.08954909795843621,0.5808838232353529,46,74,ecfp_cluster,ecfp_cluster,74,5000
unseen_conditions,MC_lig2d_ext_vs_MC_all2d,MC_lig2d_ext,MC_all2d,-0.0061303175711165895,-0.03246426940455481,0.01913560193196233,0.6726654669066187,38,74,ecfp_cluster,ecfp_cluster,74,5000
unseen_conditions,MC_lig2d_ext_vs_MC_everything,MC_lig2d_ext,MC_everything,0.02360241404039303,-0.024318667144814742,0.07564748631090931,0.1807638472305539,44,74,ecfp_cluster,ecfp_cluster,74,5000
unseen_conditions,MC_lig2d_ext_vs_MC_massaction,MC_lig2d_ext,MC_massaction,-0.17913338951426153,-0.28696654117084863,-0.07186742625123879,0.999000199960008,31,74,ecfp_cluster,ecfp_cluster,74,5000
unseen_conditions,MC_lig2d_ext_vs_MC_ecfp_massaction,MC_lig2d_ext,MC_ecfp_massaction,0.05025540185578552,-0.054502333656345506,0.15541138714611444,0.17116576684663068,54,74,ecfp_cluster,ecfp_cluster,74,5000
unseen_conditions,MC_lig2d_ext_vs_MC_lig2d_ext_massaction,MC_lig2d_ext,MC_lig2d_ext_massaction,0.05798634188599987,0.0315227668278765,0.08611245819427973,0.0001999600079984003,50,74,ecfp_cluster,ecfp_cluster,74,5000
unseen_conditions,MC_lig2d_ext_vs_MC_all2d_massaction,MC_lig2d_ext,MC_all2d_massaction,0.05383002636163667,0.017501221408835192,0.09241226307357936,0.003599280143971206,54,74,ecfp_cluster,ecfp_cluster,74,5000
unseen_conditions,MC_lig2d_ext_vs_MC_everything_massaction,MC_lig2d_ext,MC_everything_massaction,0.04849627286516051,-0.0023519568230004773,0.10175094245490944,0.03079384123175365,51,74,ecfp_cluster,ecfp_cluster,74,5000
unseen_conditions,MC_lig2d_ext_vs_MC_ecfp_SHUF,MC_lig2d_ext,MC_ecfp_SHUF,-0.26559240142402,-0.36987650123186777,-0.16418193263327202,1.0,23,74,ecfp_cluster,ecfp_cluster,74,5000
unseen_conditions,MC_lig2d_ext_vs_MC_lig2d_ext_SHUF,MC_lig2d_ext,MC_lig2d_ext_SHUF,-0.2773575515050546,-0.38049434912981156,-0.17623583632074277,1.0,16,74,ecfp_cluster,ecfp_cluster,74,5000
unseen_conditions,MC_lig2d_ext_vs_MC_cond_SHUF,MC_lig2d_ext,MC_cond_SHUF,-0.6503645698093887,-0.8196439030106514,-0.48973001787400416,1.0,14,74,ecfp_cluster,ecfp_cluster,74,5000
unseen_conditions,MC_lig2d_ext_vs_MC_massaction_SHUF,MC_lig2d_ext,MC_massaction_SHUF,-0.2563290442598795,-0.35765544312306563,-0.1576758590629799,1.0,19,74,ecfp_cluster,ecfp_cluster,74,5000
unseen_conditions,MC_lig2d_ext_vs_NULL_metal_mean,MC_lig2d_ext,NULL_metal_mean,-0.5322456918860811,-0.7213787338193567,-0.35652268787727354,1.0,14,74,ecfp_cluster,ecfp_cluster,74,5000
unseen_conditions,MC_lig2d_ext_vs_NULL_global_mean,MC_lig2d_ext,NULL_global_mean,-0.5534601444898853,-0.7455379113582603,-0.3777203105936137,1.0,19,74,ecfp_cluster,ecfp_cluster,74,5000
unseen_conditions,MC_lig2d_ext_vs_NULL_extractant_mean,MC_lig2d_ext,NULL_extractant_mean,-0.2637970387018762,-0.37264866961766535,-0.14814711811097517,1.0,18,74,ecfp_cluster,ecfp_cluster,74,5000
unseen_conditions,MC_lig2d_ext_vs_NULL_nearest_condition,MC_lig2d_ext,NULL_nearest_condition,-0.08064979355994593,-0.191040519345577,0.02883050190115402,0.9228154369126175,33,74,ecfp_cluster,ecfp_cluster,74,5000
unseen_ligand,MC_ecfp_vs_A_metal,MC_ecfp,A_metal,-0.38231483632355195,-0.5258788016942727,-0.24108916320799267,1.0,20,74,ecfp_cluster,ecfp_cluster,74,5000
unseen_ligand,MC_ecfp_vs_A_cond,MC_ecfp,A_cond,-0.09107317543961536,-0.195077093727764,0.00950210913767886,0.9628074385122976,35,74,ecfp_cluster,ecfp_cluster,74,5000
unseen_ligand,MC_ecfp_vs_MC,MC_ecfp,MC,-0.0482743130853886,-0.14340022204690825,0.0455699903794042,0.8462307538492302,36,74,ecfp_cluster,ecfp_cluster,74,5000
unseen_ligand,MC_ecfp_vs_MC_lig2d_ext,MC_ecfp,MC_lig2d_ext,0.07480674362156374,0.0013405061180913743,0.148715461920347,0.023195360927814438,48,74,ecfp_cluster,ecfp_cluster,74,5000
unseen_ligand,MC_ecfp_vs_MC_all2d,MC_ecfp,MC_all2d,0.035800203373437464,-0.01726513124511404,0.08976948955930673,0.08678264347130574,44,74,ecfp_cluster,ecfp_cluster,74,5000
unseen_ligand,MC_ecfp_vs_MC_everything,MC_ecfp,MC_everything,0.02545155743057993,-0.03251629512736354,0.08534643957505177,0.20395920815836832,44,74,ecfp_cluster,ecfp_cluster,74,5000
unseen_ligand,MC_ecfp_vs_MC_massaction,MC_ecfp,MC_massaction,-0.003564981332569244,-0.09518547157543414,0.08361992691191114,0.5298940211957609,37,74,ecfp_cluster,ecfp_cluster,74,5000
unseen_ligand,MC_ecfp_vs_MC_ecfp_massaction,MC_ecfp,MC_ecfp_massaction,0.03583507721212717,0.010851085101152342,0.06371128016703873,0.0015996800639872025,46,74,ecfp_cluster,ecfp_cluster,74,5000
unseen_ligand,MC_ecfp_vs_MC_lig2d_ext_massaction,MC_ecfp,MC_lig2d_ext_massaction,0.10274245633671937,0.027607800149132278,0.17671280147350474,0.004999000199960008,52,74,ecfp_cluster,ecfp_cluster,74,5000
unseen_ligand,MC_ecfp_vs_MC_all2d_massaction,MC_ecfp,MC_all2d_massaction,0.06498647053143403,0.012673297232917595,0.11864604393369285,0.007398520295940812,51,74,ecfp_cluster,ecfp_cluster,74,5000
unseen_ligand,MC_ecfp_vs_MC_everything_massaction,MC_ecfp,MC_everything_massaction,0.04598649397049483,-0.011137654182605233,0.1050705436621826,0.057588482303539294,49,74,ecfp_cluster,ecfp_cluster,74,5000
unseen_ligand,MC_ecfp_vs_MC_ecfp_SHUF,MC_ecfp,MC_ecfp_SHUF,-0.10355046176545431,-0.18816517005320496,-0.022000606042847808,0.9946010797840432,29,74,ecfp_cluster,ecfp_cluster,74,5000
unseen_ligand,MC_ecfp_vs_MC_lig2d_ext_SHUF,MC_ecfp,MC_lig2d_ext_SHUF,-0.11674036411750435,-0.1957889543223921,-0.039708011071675625,0.9982003599280144,27,74,ecfp_cluster,ecfp_cluster,74,5000
unseen_ligand,MC_ecfp_vs_MC_cond_SHUF,MC_ecfp,MC_cond_SHUF,-0.520636320531716,-0.660067055363922,-0.38459383586913387,1.0,15,74,ecfp_cluster,ecfp_cluster,74,5000
unseen_ligand,MC_ecfp_vs_MC_massaction_SHUF,MC_ecfp,MC_massaction_SHUF,-0.10319466967544492,-0.18773171423524543,-0.02266434104014803,0.99500099980004,30,74,ecfp_cluster,ecfp_cluster,74,5000
unseen_ligand,MC_ecfp_vs_NULL_metal_mean,MC_ecfp,NULL_metal_mean,-0.4142440112427701,-0.570638123172681,-0.2658311119155246,1.0,21,74,ecfp_cluster,ecfp_cluster,74,5000
unseen_ligand,MC_ecfp_vs_NULL_global_mean,MC_ecfp,NULL_global_mean,-0.43320841914357705,-0.5946405293580758,-0.27591668721819024,1.0,19,74,ecfp_cluster,ecfp_cluster,74,5000
unseen_ligand,MC_ecfp_vs_NULL_extractant_mean,MC_ecfp,NULL_extractant_mean,-0.43320841914357705,-0.5946405293580758,-0.27591668721819024,1.0,19,74,ecfp_cluster,ecfp_cluster,74,5000
unseen_ligand,MC_ecfp_vs_NULL_nearest_condition,MC_ecfp,NULL_nearest_condition,-0.43320841914357705,-0.5946405293580758,-0.27591668721819024,1.0,19,74,ecfp_cluster,ecfp_cluster,74,5000
unseen_ligand,MC_vs_A_metal,MC,A_metal,-0.33404052323816336,-0.5018895688219943,-0.167113927607357,1.0,19,74,ecfp_cluster,ecfp_cluster,74,5000
unseen_ligand,MC_vs_A_cond,MC,A_cond,-0.04279886235422679,-0.09070267207653862,0.0021793585516361484,0.9688062387522496,37,74,ecfp_cluster,ecfp_cluster,74,5000
unseen_ligand,MC_vs_MC_ecfp,MC,MC_ecfp,0.0482743130853886,-0.04556999037940435,0.14340022204690814,0.15396920615876825,38,74,ecfp_cluster,ecfp_cluster,74,5000
unseen_ligand,MC_vs_MC_lig2d_ext,MC,MC_lig2d_ext,0.12308105670695235,0.022752685589485885,0.2291460592849515,0.008798240351929614,43,74,ecfp_cluster,ecfp_cluster,74,5000
unseen_ligand,MC_vs_MC_all2d,MC,MC_all2d,0.08407451645882606,-0.011181595344054902,0.18515666702001454,0.042191561687662464,41,74,ecfp_cluster,ecfp_cluster,74,5000
unseen_ligand,MC_vs_MC_everything,MC,MC_everything,0.07372587051596849,-0.021771273946520477,0.17521256248779699,0.0687862427514497,41,74,ecfp_cluster,ecfp_cluster,74,5000
unseen_ligand,MC_vs_MC_massaction,MC,MC_massaction,0.044709331752819347,0.010908855371046198,0.08287513151939145,0.004799040191961607,46,74,ecfp_cluster,ecfp_cluster,74,5000
unseen_ligand,MC_vs_MC_ecfp_massaction,MC,MC_ecfp_massaction,0.08410939029751575,-0.014784955843573195,0.18828354390155772,0.04819036192761448,45,74,ecfp_cluster,ecfp_cluster,74,5000
unseen_ligand,MC_vs_MC_lig2d_ext_massaction,MC,MC_lig2d_ext_massaction,0.15101676942210793,0.04827447917048655,0.25631663067514704,0.0013997200559888023,50,74,ecfp_cluster,ecfp_cluster,74,5000
unseen_ligand,MC_vs_MC_all2d_massaction,MC,MC_all2d_massaction,0.11326078361682265,0.01688623087461458,0.2138970901499931,0.010797840431913617,48,74,ecfp_cluster,ecfp_cluster,74,5000
unseen_ligand,MC_vs_MC_everything_massaction,MC,MC_everything_massaction,0.0942608070558834,-0.001969025143519425,0.1955060274023631,0.027794441111777646,44,74,ecfp_cluster,ecfp_cluster,74,5000
unseen_ligand,MC_vs_MC_ecfp_SHUF,MC,MC_ecfp_SHUF,-0.05527614868006571,-0.09407068456328319,-0.019342350913514928,0.9994001199760048,26,74,ecfp_cluster,ecfp_cluster,74,5000
unseen_ligand,MC_vs_MC_lig2d_ext_SHUF,MC,MC_lig2d_ext_SHUF,-0.06846605103211575,-0.12108291736540305,-0.01882447990132038,0.9968006398720256,26,74,ecfp_cluster,ecfp_cluster,74,5000
unseen_ligand,MC_vs_MC_cond_SHUF,MC,MC_cond_SHUF,-0.4723620074463275,-0.6274809621121673,-0.3141251748492073,1.0,16,74,ecfp_cluster,ecfp_cluster,74,5000
unseen_ligand,MC_vs_MC_massaction_SHUF,MC,MC_massaction_SHUF,-0.05492035659005634,-0.09234740190902307,-0.021601407140541314,0.9998000399920016,20,74,ecfp_cluster,ecfp_cluster,74,5000
unseen_ligand,MC_vs_NULL_metal_mean,MC,NULL_metal_mean,-0.3659696981573816,-0.534090340738663,-0.19999502481695022,1.0,18,74,ecfp_cluster,ecfp_cluster,74,5000
unseen_ligand,MC_vs_NULL_global_mean,MC,NULL_global_mean,-0.3849341060581885,-0.5575096324819627,-0.21194344019230055,1.0,20,74,ecfp_cluster,ecfp_cluster,74,5000
unseen_ligand,MC_vs_NULL_extractant_mean,MC,NULL_extractant_mean,-0.3849341060581885,-0.5575096324819627,-0.21194344019230055,1.0,20,74,ecfp_cluster,ecfp_cluster,74,5000
unseen_ligand,MC_vs_NULL_nearest_condition,MC,NULL_nearest_condition,-0.3849341060581885,-0.5575096324819627,-0.21194344019230055,1.0,20,74,ecfp_cluster,ecfp_cluster,74,5000
unseen_ligand,MC_all2d_vs_A_metal,MC_all2d,A_metal,-0.4181150396969895,-0.5579342112419832,-0.27973729702418443,1.0,13,74,ecfp_cluster,ecfp_cluster,74,5000
unseen_ligand,MC_all2d_vs_A_cond,MC_all2d,A_cond,-0.12687337881305283,-0.2316116360668226,-0.025490932793607528,0.994001199760048,33,74,ecfp_cluster,ecfp_cluster,74,5000
unseen_ligand,MC_all2d_vs_MC,MC_all2d,MC,-0.08407451645882606,-0.18515666702001474,0.011181595344054891,0.9580083983203359,33,74,ecfp_cluster,ecfp_cluster,74,5000
unseen_ligand,MC_all2d_vs_MC_ecfp,MC_all2d,MC_ecfp,-0.035800203373437464,-0.0897694895593068,0.017265131245114005,0.9134173165366927,30,74,ecfp_cluster,ecfp_cluster,74,5000
unseen_ligand,MC_all2d_vs_MC_lig2d_ext,MC_all2d,MC_lig2d_ext,0.03900654024812627,0.009187254868094758,0.06966696730441124,0.004599080183963208,46,74,ecfp_cluster,ecfp_cluster,74,5000
unseen_ligand,MC_all2d_vs_MC_everything,MC_all2d,MC_everything,-0.010348645942857539,-0.03781053605494238,0.019615534694138646,0.7640471905618876,27,74,ecfp_cluster,ecfp_cluster,74,5000
unseen_ligand,MC_all2d_vs_MC_massaction,MC_all2d,MC_massaction,-0.039365184706006716,-0.1365216912607062,0.05012490183978161,0.8026394721055788,34,74,ecfp_cluster,ecfp_cluster,74,5000
unseen_ligand,MC_all2d_vs_MC_ecfp_massaction,MC_all2d,MC_ecfp_massaction,3.487383868969785e-05,-0.049403877773828056,0.05217724219917734,0.4875024995001,39,74,ecfp_cluster,ecfp_cluster,74,5000
unseen_ligand,MC_all2d_vs_MC_lig2d_ext_massaction,MC_all2d,MC_lig2d_ext_massaction,0.06694225296328189,0.03039624934063249,0.10300824180325607,0.0003999200159968006,54,74,ecfp_cluster,ecfp_cluster,74,5000
unseen_ligand,MC_all2d_vs_MC_all2d_massaction,MC_all2d,MC_all2d_massaction,0.02918626715799656,0.009104123791182642,0.05028585701181,0.003799240151969606,44,74,ecfp_cluster,ecfp_cluster,74,5000
unseen_ligand,MC_all2d_vs_MC_everything_massaction,MC_all2d,MC_everything_massaction,0.010186290597057349,-0.017198147430058326,0.040332846689122716,0.2485502899420116,36,74,ecfp_cluster,ecfp_cluster,74,5000
unseen_ligand,MC_all2d_vs_MC_ecfp_SHUF,MC_all2d,MC_ecfp_SHUF,-0.13935066513889174,-0.2260032031210881,-0.06031870790834745,1.0,23,74,ecfp_cluster,ecfp_cluster,74,5000
unseen_ligand,MC_all2d_vs_MC_lig2d_ext_SHUF,MC_all2d,MC_lig2d_ext_SHUF,-0.1525405674909418,-0.2356919698817352,-0.07755371786328526,1.0,22,74,ecfp_cluster,ecfp_cluster,74,5000
unseen_ligand,MC_all2d_vs_MC_cond_SHUF,MC_all2d,MC_cond_SHUF,-0.5564365239051536,-0.6917465217663564,-0.4251415399622544,1.0,10,74,ecfp_cluster,ecfp_cluster,74,5000
unseen_ligand,MC_all2d_vs_MC_massaction_SHUF,MC_all2d,MC_massaction_SHUF,-0.13899487304888242,-0.22844785755237962,-0.05845538961047418,1.0,26,74,ecfp_cluster,ecfp_cluster,74,5000
unseen_ligand,MC_all2d_vs_NULL_metal_mean,MC_all2d,NULL_metal_mean,-0.45004421461620764,-0.6011646001098339,-0.3033888638823787,1.0,17,74,ecfp_cluster,ecfp_cluster,74,5000
unseen_ligand,MC_all2d_vs_NULL_global_mean,MC_all2d,NULL_global_mean,-0.46900862251701464,-0.6260784230767694,-0.31366598605501916,1.0,15,74,ecfp_cluster,ecfp_cluster,74,5000
unseen_ligand,MC_all2d_vs_NULL_extractant_mean,MC_all2d,NULL_extractant_mean,-0.46900862251701464,-0.6260784230767694,-0.31366598605501916,1.0,15,74,ecfp_cluster,ecfp_cluster,74,5000
unseen_ligand,MC_all2d_vs_NULL_nearest_condition,MC_all2d,NULL_nearest_condition,-0.46900862251701464,-0.6260784230767694,-0.31366598605501916,1.0,15,74,ecfp_cluster,ecfp_cluster,74,5000
unseen_ligand,A_metal_vs_A_cond,A_metal,A_cond,0.2912416608839366,0.12437671345552005,0.4590567686251309,0.0001999600079984003,52,74,ecfp_cluster,ecfp_cluster,74,5000
unseen_ligand,A_metal_vs_MC,A_metal,MC,0.33404052323816336,0.1671139276073565,0.5018895688219943,0.0001999600079984003,55,74,ecfp_cluster,ecfp_cluster,74,5000
unseen_ligand,A_metal_vs_MC_ecfp,A_metal,MC_ecfp,0.38231483632355195,0.2410891632079923,0.5258788016942726,0.0001999600079984003,54,74,ecfp_cluster,ecfp_cluster,74,5000
unseen_ligand,A_metal_vs_MC_lig2d_ext,A_metal,MC_lig2d_ext,0.45712157994511565,0.315671565535297,0.6000530983719232,0.0001999600079984003,61,74,ecfp_cluster,ecfp_cluster,74,5000
unseen_ligand,A_metal_vs_MC_all2d,A_metal,MC_all2d,0.4181150396969895,0.27973729702418443,0.557934211241983,0.0001999600079984003,61,74,ecfp_cluster,ecfp_cluster,74,5000
unseen_ligand,A_metal_vs_MC_everything,A_metal,MC_everything,0.40776639375413193,0.26939711341437184,0.5463463057476372,0.0001999600079984003,59,74,ecfp_cluster,ecfp_cluster,74,5000
unseen_ligand,A_metal_vs_MC_massaction,A_metal,MC_massaction,0.37874985499098285,0.2028370637847656,0.5540264712051322,0.0001999600079984003,54,74,ecfp_cluster,ecfp_cluster,74,5000
unseen_ligand,A_metal_vs_MC_ecfp_massaction,A_metal,MC_ecfp_massaction,0.41814991353567915,0.2668754112121607,0.5697807367489618,0.0001999600079984003,53,74,ecfp_cluster,ecfp_cluster,74,5000
unseen_ligand,A_metal_vs_MC_lig2d_ext_massaction,A_metal,MC_lig2d_ext_massaction,0.48505729266027137,0.33248552396356856,0.6381793614682888,0.0001999600079984003,62,74,ecfp_cluster,ecfp_cluster,74,5000
unseen_ligand,A_metal_vs_MC_all2d_massaction,A_metal,MC_all2d_massaction,0.44730130685498604,0.3012810966518697,0.5988306707585042,0.0001999600079984003,61,74,ecfp_cluster,ecfp_cluster,74,5000
unseen_ligand,A_metal_vs_MC_everything_massaction,A_metal,MC_everything_massaction,0.4283013302940468,0.2841234440248239,0.5749932465068371,0.0001999600079984003,58,74,ecfp_cluster,ecfp_cluster,74,5000
unseen_ligand,A_metal_vs_MC_ecfp_SHUF,A_metal,MC_ecfp_SHUF,0.27876437455809766,0.12691438819380035,0.42650337964742435,0.0001999600079984003,49,74,ecfp_cluster,ecfp_cluster,74,5000
unseen_ligand,A_metal_vs_MC_lig2d_ext_SHUF,A_metal,MC_lig2d_ext_SHUF,0.26557447220604763,0.12688732045462578,0.4007073447393541,0.0001999600079984003,49,74,ecfp_cluster,ecfp_cluster,74,5000
unseen_ligand,A_metal_vs_MC_cond_SHUF,A_metal,MC_cond_SHUF,-0.13832148420816412,-0.1813966916342376,-0.09567009408032376,1.0,12,74,ecfp_cluster,ecfp_cluster,74,5000
unseen_ligand,A_metal_vs_MC_massaction_SHUF,A_metal,MC_massaction_SHUF,0.279120166648107,0.12616457087634905,0.4287373761945624,0.0001999600079984003,52,74,ecfp_cluster,ecfp_cluster,74,5000
unseen_ligand,A_metal_vs_NULL_metal_mean,A_metal,NULL_metal_mean,-0.03192917491921813,-0.0892400959756588,0.024735076574225433,0.8712257548490302,35,74,ecfp_cluster,ecfp_cluster,74,5000
unseen_ligand,A_metal_vs_NULL_global_mean,A_metal,NULL_global_mean,-0.05089358282002514,-0.10885636735312879,0.006213481720056159,0.9600079984003199,30,74,ecfp_cluster,ecfp_cluster,74,5000
unseen_ligand,A_metal_vs_NULL_extractant_mean,A_metal,NULL_extractant_mean,-0.05089358282002514,-0.10885636735312879,0.006213481720056159,0.9600079984003199,30,74,ecfp_cluster,ecfp_cluster,74,5000
unseen_ligand,A_metal_vs_NULL_nearest_condition,A_metal,NULL_nearest_condition,-0.05089358282002514,-0.10885636735312879,0.006213481720056159,0.9600079984003199,30,74,ecfp_cluster,ecfp_cluster,74,5000
unseen_ligand,MC_lig2d_ext_vs_A_metal,MC_lig2d_ext,A_metal,-0.45712157994511565,-0.6000530983719232,-0.315671565535297,1.0,13,74,ecfp_cluster,ecfp_cluster,74,5000
unseen_ligand,MC_lig2d_ext_vs_A_cond,MC_lig2d_ext,A_cond,-0.16587991906117913,-0.27487233503463737,-0.05923500323340126,0.9996000799840032,32,74,ecfp_cluster,ecfp_cluster,74,5000
unseen_ligand,MC_lig2d_ext_vs_MC,MC_lig2d_ext,MC,-0.12308105670695235,-0.22914605928495155,-0.022752685589485892,0.9914017196560688,31,74,ecfp_cluster,ecfp_cluster,74,5000
unseen_ligand,MC_lig2d_ext_vs_MC_ecfp,MC_lig2d_ext,MC_ecfp,-0.07480674362156374,-0.14871546192034701,-0.0013405061180914387,0.977004599080184,26,74,ecfp_cluster,ecfp_cluster,74,5000
unseen_ligand,MC_lig2d_ext_vs_MC_all2d,MC_lig2d_ext,MC_all2d,-0.03900654024812627,-0.06966696730441124,-0.009187254868094777,0.9956008798240352,28,74,ecfp_cluster,ecfp_cluster,74,5000
unseen_ligand,MC_lig2d_ext_vs_MC_everything,MC_lig2d_ext,MC_everything,-0.049355186190983814,-0.08727315463879375,-0.007097248316315293,0.9882023595280944,25,74,ecfp_cluster,ecfp_cluster,74,5000
unseen_ligand,MC_lig2d_ext_vs_MC_massaction,MC_lig2d_ext,MC_massaction,-0.07837172495413298,-0.18035941442058537,0.016223274401320223,0.9456108778244351,34,74,ecfp_cluster,ecfp_cluster,74,5000
unseen_ligand,MC_lig2d_ext_vs_MC_ecfp_massaction,MC_lig2d_ext,MC_ecfp_massaction,-0.03897166640943658,-0.1083270991506138,0.03255446562270241,0.857628474305139,33,74,ecfp_cluster,ecfp_cluster,74,5000
unseen_ligand,MC_lig2d_ext_vs_MC_lig2d_ext_massaction,MC_lig2d_ext,MC_lig2d_ext_massaction,0.02793571271515562,0.00965760676186634,0.04731839978659363,0.003799240151969606,45,74,ecfp_cluster,ecfp_cluster,74,5000
unseen_ligand,MC_lig2d_ext_vs_MC_all2d_massaction,MC_lig2d_ext,MC_all2d_massaction,-0.009820273090129717,-0.044467202069476304,0.024650370290070948,0.7016596680663867,38,74,ecfp_cluster,ecfp_cluster,74,5000
unseen_ligand,MC_lig2d_ext_vs_MC_everything_massaction,MC_lig2d_ext,MC_everything_massaction,-0.028820249651068924,-0.0655653104363433,0.011708586151264867,0.9202159568086383,29,74,ecfp_cluster,ecfp_cluster,74,5000
unseen_ligand,MC_lig2d_ext_vs_MC_ecfp_SHUF,MC_lig2d_ext,MC_ecfp_SHUF,-0.17835720538701808,-0.2704772667080882,-0.09055754405159902,1.0,23,74,ecfp_cluster,ecfp_cluster,74,5000
unseen_ligand,MC_lig2d_ext_vs_MC_lig2d_ext_SHUF,MC_lig2d_ext,MC_lig2d_ext_SHUF,-0.19154710773906816,-0.2817512453401416,-0.10760584357556971,1.0,20,74,ecfp_cluster,ecfp_cluster,74,5000
unseen_ligand,MC_lig2d_ext_vs_MC_cond_SHUF,MC_lig2d_ext,MC_cond_SHUF,-0.5954430641532799,-0.7324541792885921,-0.46155462019275656,1.0,12,74,ecfp_cluster,ecfp_cluster,74,5000
unseen_ligand,MC_lig2d_ext_vs_MC_massaction_SHUF,MC_lig2d_ext,MC_massaction_SHUF,-0.1780014132970087,-0.2723480452658085,-0.08849291228890543,1.0,24,74,ecfp_cluster,ecfp_cluster,74,5000
unseen_ligand,MC_lig2d_ext_vs_NULL_metal_mean,MC_lig2d_ext,NULL_metal_mean,-0.48905075486433397,-0.644634625653722,-0.3395967009227325,1.0,13,74,ecfp_cluster,ecfp_cluster,74,5000
unseen_ligand,MC_lig2d_ext_vs_NULL_global_mean,MC_lig2d_ext,NULL_global_mean,-0.5080151627651408,-0.6705649751187928,-0.3520532039865529,1.0,13,74,ecfp_cluster,ecfp_cluster,74,5000
unseen_ligand,MC_lig2d_ext_vs_NULL_extractant_mean,MC_lig2d_ext,NULL_extractant_mean,-0.5080151627651408,-0.6705649751187928,-0.3520532039865529,1.0,13,74,ecfp_cluster,ecfp_cluster,74,5000
unseen_ligand,MC_lig2d_ext_vs_NULL_nearest_condition,MC_lig2d_ext,NULL_nearest_condition,-0.5080151627651408,-0.6705649751187928,-0.3520532039865529,1.0,13,74,ecfp_cluster,ecfp_cluster,74,5000
unseen_series,MC_ecfp_vs_A_metal,MC_ecfp,A_metal,-0.4605562847997384,-0.6148191701261132,-0.30970661807993666,1.0,19,74,ecfp_cluster,ecfp_cluster,74,5000
unseen_series,MC_ecfp_vs_A_cond,MC_ecfp,A_cond,-0.14913831990636817,-0.26638301258335173,-0.031175292585381754,0.9922015596880623,30,74,ecfp_cluster,ecfp_cluster,74,5000
unseen_series,MC_ecfp_vs_MC,MC_ecfp,MC,-0.08424030879166002,-0.18634305742177126,0.01998460019087231,0.9386122775444911,33,74,ecfp_cluster,ecfp_cluster,74,5000
unseen_series,MC_ecfp_vs_MC_lig2d_ext,MC_ecfp,MC_lig2d_ext,0.017593456407416306,-0.05596570900934293,0.09824300507625358,0.3333333333333333,33,74,ecfp_cluster,ecfp_cluster,74,5000
unseen_series,MC_ecfp_vs_MC_all2d,MC_ecfp,MC_all2d,0.002779297493692802,-0.049828343067798736,0.058616839951855355,0.471505698860228,30,74,ecfp_cluster,ecfp_cluster,74,5000
unseen_series,MC_ecfp_vs_MC_everything,MC_ecfp,MC_everything,0.019329719100391905,-0.03424912189003704,0.07827880841775156,0.2563487302539492,38,74,ecfp_cluster,ecfp_cluster,74,5000
unseen_series,MC_ecfp_vs_MC_massaction,MC_ecfp,MC_massaction,-0.04026275900810525,-0.13207921916060472,0.05305974330127375,0.795240951809638,34,74,ecfp_cluster,ecfp_cluster,74,5000
unseen_series,MC_ecfp_vs_MC_ecfp_massaction,MC_ecfp,MC_ecfp_massaction,0.0366865974461681,0.01666467762882358,0.0566247094418786,0.0005998800239952009,54,74,ecfp_cluster,ecfp_cluster,74,5000
unseen_series,MC_ecfp_vs_MC_lig2d_ext_massaction,MC_ecfp,MC_lig2d_ext_massaction,0.04542948883568009,-0.027341067616812226,0.12433756864215256,0.1227754449110178,45,74,ecfp_cluster,ecfp_cluster,74,5000
unseen_series,MC_ecfp_vs_MC_all2d_massaction,MC_ecfp,MC_all2d_massaction,0.032687972710404974,-0.017706685744515324,0.08758543776267706,0.11437712457508498,43,74,ecfp_cluster,ecfp_cluster,74,5000
unseen_series,MC_ecfp_vs_MC_everything_massaction,MC_ecfp,MC_everything_massaction,0.03216175052436061,-0.020739476468238757,0.09117731457940861,0.13797240551889622,40,74,ecfp_cluster,ecfp_cluster,74,5000
unseen_series,MC_ecfp_vs_MC_ecfp_SHUF,MC_ecfp,MC_ecfp_SHUF,-0.12708961400352986,-0.2310748836637029,-0.021503350788394313,0.9912017596480703,32,74,ecfp_cluster,ecfp_cluster,74,5000
unseen_series,MC_ecfp_vs_MC_lig2d_ext_SHUF,MC_ecfp,MC_lig2d_ext_SHUF,-0.1603478526019273,-0.2632931351558474,-0.05546540893853412,0.9984003199360127,28,74,ecfp_cluster,ecfp_cluster,74,5000
unseen_series,MC_ecfp_vs_MC_cond_SHUF,MC_ecfp,MC_cond_SHUF,-0.59343170218056,-0.7512707259747244,-0.4402199150803037,1.0,11,74,ecfp_cluster,ecfp_cluster,74,5000
unseen_series,MC_ecfp_vs_MC_massaction_SHUF,MC_ecfp,MC_massaction_SHUF,-0.1344410457612877,-0.23828167536607325,-0.030235312933308063,0.994001199760048,30,74,ecfp_cluster,ecfp_cluster,74,5000
unseen_series,MC_ecfp_vs_NULL_metal_mean,MC_ecfp,NULL_metal_mean,-0.48484788616389213,-0.6600531831862088,-0.3197358919738545,1.0,19,74,ecfp_cluster,ecfp_cluster,74,5000
unseen_series,MC_ecfp_vs_NULL_global_mean,MC_ecfp,NULL_global_mean,-0.5079046214720734,-0.689478131888627,-0.3377418930807934,1.0,23,74,ecfp_cluster,ecfp_cluster,74,5000
unseen_series,MC_ecfp_vs_NULL_extractant_mean,MC_ecfp,NULL_extractant_mean,-0.373111095749684,-0.5295207466424459,-0.233678443744044,1.0,20,74,ecfp_cluster,ecfp_cluster,74,5000
unseen_series,MC_ecfp_vs_NULL_nearest_condition,MC_ecfp,NULL_nearest_condition,-0.35534238549060376,-0.5092362028376662,-0.21621634120030406,1.0,18,74,ecfp_cluster,ecfp_cluster,74,5000
unseen_series,MC_vs_A_metal,MC,A_metal,-0.3763159760080783,-0.5259462157811692,-0.2296101022919587,1.0,21,74,ecfp_cluster,ecfp_cluster,74,5000
unseen_series,MC_vs_A_cond,MC,A_cond,-0.06489801111470814,-0.1196630559619152,-0.018013842727963175,0.999000199960008,31,74,ecfp_cluster,ecfp_cluster,74,5000
unseen_series,MC_vs_MC_ecfp,MC,MC_ecfp,0.08424030879166002,-0.019984600190872375,0.18634305742177118,0.0615876824635073,41,74,ecfp_cluster,ecfp_cluster,74,5000
unseen_series,MC_vs_MC_lig2d_ext,MC,MC_lig2d_ext,0.10183376519907633,-0.010531699071913782,0.21102936009512444,0.03719256148770246,45,74,ecfp_cluster,ecfp_cluster,74,5000
unseen_series,MC_vs_MC_all2d,MC,MC_all2d,0.08701960628535281,-0.01701154314326564,0.18821048940595855,0.05038992201559688,45,74,ecfp_cluster,ecfp_cluster,74,5000
unseen_series,MC_vs_MC_everything,MC,MC_everything,0.10357002789205191,-0.005362322222818949,0.2088651173851079,0.03119376124775045,43,74,ecfp_cluster,ecfp_cluster,74,5000
unseen_series,MC_vs_MC_massaction,MC,MC_massaction,0.04397754978355476,-0.003488325099168936,0.09224543471506534,0.03719256148770246,46,74,ecfp_cluster,ecfp_cluster,74,5000
unseen_series,MC_vs_MC_ecfp_massaction,MC,MC_ecfp_massaction,0.12092690623782805,0.011912216188298033,0.2292257566842102,0.015396920615876825,43,74,ecfp_cluster,ecfp_cluster,74,5000
unseen_series,MC_vs_MC_lig2d_ext_massaction,MC,MC_lig2d_ext_massaction,0.12966979762734007,0.016333689391860997,0.2409397756845999,0.012397520495900819,52,74,ecfp_cluster,ecfp_cluster,74,5000
unseen_series,MC_vs_MC_all2d_massaction,MC,MC_all2d_massaction,0.11692828150206494,0.009152888408471092,0.2221939455120801,0.017996400719856028,47,74,ecfp_cluster,ecfp_cluster,74,5000
unseen_series,MC_vs_MC_everything_massaction,MC,MC_everything_massaction,0.11640205931602063,0.007287229162666918,0.2218122201998531,0.020395920815836834,45,74,ecfp_cluster,ecfp_cluster,74,5000
unseen_series,MC_vs_MC_ecfp_SHUF,MC,MC_ecfp_SHUF,-0.04284930521186989,-0.09026210268822474,0.0025126003150011504,0.9664067186562687,29,74,ecfp_cluster,ecfp_cluster,74,5000
unseen_series,MC_vs_MC_lig2d_ext_SHUF,MC,MC_lig2d_ext_SHUF,-0.0761075438102673,-0.1311852182105981,-0.02457179092253934,0.9984003199360127,27,74,ecfp_cluster,ecfp_cluster,74,5000
unseen_series,MC_vs_MC_cond_SHUF,MC,MC_cond_SHUF,-0.5091913933889,-0.6564549356153317,-0.3633365171240555,1.0,15,74,ecfp_cluster,ecfp_cluster,74,5000
unseen_series,MC_vs_MC_massaction_SHUF,MC,MC_massaction_SHUF,-0.050200736969627686,-0.09075679014531172,-0.013446244834284892,0.9958008398320336,25,74,ecfp_cluster,ecfp_cluster,74,5000
unseen_series,MC_vs_NULL_metal_mean,MC,NULL_metal_mean,-0.40060757737223207,-0.5539040627497551,-0.2514579448909782,1.0,17,74,ecfp_cluster,ecfp_cluster,74,5000
unseen_series,MC_vs_NULL_global_mean,MC,NULL_global_mean,-0.42366431268041344,-0.5823508254687146,-0.27176084384833993,1.0,21,74,ecfp_cluster,ecfp_cluster,74,5000
unseen_series,MC_vs_NULL_extractant_mean,MC,NULL_extractant_mean,-0.28887078695802393,-0.4435527276478687,-0.13736517891988811,1.0,21,74,ecfp_cluster,ecfp_cluster,74,5000
unseen_series,MC_vs_NULL_nearest_condition,MC,NULL_nearest_condition,-0.27110207669894376,-0.4345619823663541,-0.10697733781378801,1.0,26,74,ecfp_cluster,ecfp_cluster,74,5000
unseen_series,MC_all2d_vs_A_metal,MC_all2d,A_metal,-0.4633355822934312,-0.6152988908324338,-0.3159440213512086,1.0,17,74,ecfp_cluster,ecfp_cluster,74,5000
unseen_series,MC_all2d_vs_A_cond,MC_all2d,A_cond,-0.15191761740006093,-0.2686245569457661,-0.030084308933441623,0.9934013197360528,27,74,ecfp_cluster,ecfp_cluster,74,5000
unseen_series,MC_all2d_vs_MC,MC_all2d,MC,-0.08701960628535281,-0.18821048940595855,0.017011543143265508,0.9498100379924015,29,74,ecfp_cluster,ecfp_cluster,74,5000
unseen_series,MC_all2d_vs_MC_ecfp,MC_all2d,MC_ecfp,-0.002779297493692802,-0.05861683995185539,0.04982834306779872,0.5286942611477704,44,74,ecfp_cluster,ecfp_cluster,74,5000
unseen_series,MC_all2d_vs_MC_lig2d_ext,MC_all2d,MC_lig2d_ext,0.014814158913723499,-0.014176651071921413,0.04533324081456567,0.16796640671865626,44,74,ecfp_cluster,ecfp_cluster,74,5000
unseen_series,MC_all2d_vs_MC_everything,MC_all2d,MC_everything,0.016550421606699107,-0.014323285044561087,0.04990305695210406,0.14237152569486103,38,74,ecfp_cluster,ecfp_cluster,74,5000
unseen_series,MC_all2d_vs_MC_massaction,MC_all2d,MC_massaction,-0.04304205650179806,-0.1336299150266226,0.047347587971355735,0.8222355528894221,32,74,ecfp_cluster,ecfp_cluster,74,5000
unseen_series,MC_all2d_vs_MC_ecfp_massaction,MC_all2d,MC_ecfp_massaction,0.033907299952475295,-0.022934563121141897,0.09043218334854068,0.1191761647670466,51,74,ecfp_cluster,ecfp_cluster,74,5000
unseen_series,MC_all2d_vs_MC_lig2d_ext_massaction,MC_all2d,MC_lig2d_ext_massaction,0.04265019134198728,0.008650791147747547,0.07766556218936374,0.007998400319936013,50,74,ecfp_cluster,ecfp_cluster,74,5000
unseen_series,MC_all2d_vs_MC_all2d_massaction,MC_all2d,MC_all2d_massaction,0.02990867521671216,0.011370672860549892,0.05038407747412626,0.0007998400319936012,47,74,ecfp_cluster,ecfp_cluster,74,5000
unseen_series,MC_all2d_vs_MC_everything_massaction,MC_all2d,MC_everything_massaction,0.02938245303066781,-0.0014035176235821809,0.06337589898706546,0.03099380123975205,41,74,ecfp_cluster,ecfp_cluster,74,5000
unseen_series,MC_all2d_vs_MC_ecfp_SHUF,MC_all2d,MC_ecfp_SHUF,-0.1298689114972227,-0.22698973436406197,-0.03052591778716258,0.9936012797440512,31,74,ecfp_cluster,ecfp_cluster,74,5000
unseen_series,MC_all2d_vs_MC_lig2d_ext_SHUF,MC_all2d,MC_lig2d_ext_SHUF,-0.1631271500956201,-0.25962636963334723,-0.06861438817415168,0.9998000399920016,29,74,ecfp_cluster,ecfp_cluster,74,5000
unseen_series,MC_all2d_vs_MC_cond_SHUF,MC_all2d,MC_cond_SHUF,-0.5962109996742528,-0.7505387075511731,-0.4482686798119067,1.0,10,74,ecfp_cluster,ecfp_cluster,74,5000
unseen_series,MC_all2d_vs_MC_massaction_SHUF,MC_all2d,MC_massaction_SHUF,-0.1372203432549805,-0.23575525155990934,-0.03645948872697835,0.9954009198160368,29,74,ecfp_cluster,ecfp_cluster,74,5000
unseen_series,MC_all2d_vs_NULL_metal_mean,MC_all2d,NULL_metal_mean,-0.4876271836575849,-0.6585613000266045,-0.32724562835910875,1.0,18,74,ecfp_cluster,ecfp_cluster,74,5000
unseen_series,MC_all2d_vs_NULL_global_mean,MC_all2d,NULL_global_mean,-0.510683918965766,-0.6897484695385256,-0.3414472730467076,1.0,20,74,ecfp_cluster,ecfp_cluster,74,5000
unseen_series,MC_all2d_vs_NULL_extractant_mean,MC_all2d,NULL_extractant_mean,-0.37589039324337675,-0.5186591710027559,-0.24706197188627319,1.0,19,74,ecfp_cluster,ecfp_cluster,74,5000
unseen_series,MC_all2d_vs_NULL_nearest_condition,MC_all2d,NULL_nearest_condition,-0.35812168298429664,-0.4975894214157958,-0.23158030594296694,1.0,15,74,ecfp_cluster,ecfp_cluster,74,5000
unseen_series,A_metal_vs_A_cond,A_metal,A_cond,0.31141796489337015,0.15939366735643623,0.4654792716298449,0.0001999600079984003,48,74,ecfp_cluster,ecfp_cluster,74,5000
unseen_series,A_metal_vs_MC,A_metal,MC,0.3763159760080783,0.22961010229195866,0.5259462157811688,0.0001999600079984003,53,74,ecfp_cluster,ecfp_cluster,74,5000
unseen_series,A_metal_vs_MC_ecfp,A_metal,MC_ecfp,0.4605562847997384,0.30970661807993644,0.6148191701261132,0.0001999600079984003,55,74,ecfp_cluster,ecfp_cluster,74,5000
unseen_series,A_metal_vs_MC_lig2d_ext,A_metal,MC_lig2d_ext,0.47814974120715464,0.32978522592284876,0.6300843830191348,0.0001999600079984003,58,74,ecfp_cluster,ecfp_cluster,74,5000
unseen_series,A_metal_vs_MC_all2d,A_metal,MC_all2d,0.4633355822934312,0.31594402135120847,0.6152988908324338,0.0001999600079984003,57,74,ecfp_cluster,ecfp_cluster,74,5000
unseen_series,A_metal_vs_MC_everything,A_metal,MC_everything,0.4798860039001302,0.33308676065841064,0.632330521717268,0.0001999600079984003,56,74,ecfp_cluster,ecfp_cluster,74,5000
unseen_series,A_metal_vs_MC_massaction,A_metal,MC_massaction,0.4202935257916332,0.26311219330880414,0.5830586158962057,0.0001999600079984003,52,74,ecfp_cluster,ecfp_cluster,74,5000
unseen_series,A_metal_vs_MC_ecfp_massaction,A_metal,MC_ecfp_massaction,0.49724288224590635,0.3405337762946645,0.6571336348403537,0.0001999600079984003,55,74,ecfp_cluster,ecfp_cluster,74,5000
unseen_series,A_metal_vs_MC_lig2d_ext_massaction,A_metal,MC_lig2d_ext_massaction,0.5059857736354185,0.34902140367684364,0.6643556578219216,0.0001999600079984003,58,74,ecfp_cluster,ecfp_cluster,74,5000
unseen_series,A_metal_vs_MC_all2d_massaction,A_metal,MC_all2d_massaction,0.49324425751014334,0.34074711574454253,0.6510633366243372,0.0001999600079984003,57,74,ecfp_cluster,ecfp_cluster,74,5000
unseen_series,A_metal_vs_MC_everything_massaction,A_metal,MC_everything_massaction,0.4927180353240989,0.341370186977896,0.647837120136423,0.0001999600079984003,58,74,ecfp_cluster,ecfp_cluster,74,5000
unseen_series,A_metal_vs_MC_ecfp_SHUF,A_metal,MC_ecfp_SHUF,0.3334666707962084,0.19972160913667505,0.4666475222132943,0.0001999600079984003,50,74,ecfp_cluster,ecfp_cluster,74,5000
unseen_series,A_metal_vs_MC_lig2d_ext_SHUF,A_metal,MC_lig2d_ext_SHUF,0.30020843219781107,0.17364827644282912,0.42660667904480915,0.0001999600079984003,50,74,ecfp_cluster,ecfp_cluster,74,5000
unseen_series,A_metal_vs_MC_cond_SHUF,A_metal,MC_cond_SHUF,-0.13287541738082165,-0.1804376186981488,-0.08618415231259377,1.0,23,74,ecfp_cluster,ecfp_cluster,74,5000
unseen_series,A_metal_vs_MC_massaction_SHUF,A_metal,MC_massaction_SHUF,0.3261152390384507,0.19650870322106107,0.4574062920632826,0.0001999600079984003,52,74,ecfp_cluster,ecfp_cluster,74,5000
unseen_series,A_metal_vs_NULL_metal_mean,A_metal,NULL_metal_mean,-0.02429160136415378,-0.08875542599860965,0.036061632526565704,0.7832433513297341,38,74,ecfp_cluster,ecfp_cluster,74,5000
unseen_series,A_metal_vs_NULL_global_mean,A_metal,NULL_global_mean,-0.047348336672334984,-0.11195066795632337,0.014849836310050468,0.9326134773045391,32,74,ecfp_cluster,ecfp_cluster,74,5000
unseen_series,A_metal_vs_NULL_extractant_mean,A_metal,NULL_extractant_mean,0.08744518905005443,-0.06494612325946812,0.23496936748539438,0.127374525094981,38,74,ecfp_cluster,ecfp_cluster,74,5000
unseen_series,A_metal_vs_NULL_nearest_condition,A_metal,NULL_nearest_condition,0.10521389930913456,-0.06073607577316652,0.26680468503308435,0.11017796440711858,33,74,ecfp_cluster,ecfp_cluster,74,5000
unseen_series,MC_lig2d_ext_vs_A_metal,MC_lig2d_ext,A_metal,-0.47814974120715464,-0.6300843830191349,-0.3297852259228488,1.0,16,74,ecfp_cluster,ecfp_cluster,74,5000
unseen_series,MC_lig2d_ext_vs_A_cond,MC_lig2d_ext,A_cond,-0.16673177631378444,-0.28870195923747605,-0.038931821260332185,0.9958008398320336,27,74,ecfp_cluster,ecfp_cluster,74,5000
unseen_series,MC_lig2d_ext_vs_MC,MC_lig2d_ext,MC,-0.10183376519907633,-0.21102936009512446,0.010531699071913782,0.9630073985202959,29,74,ecfp_cluster,ecfp_cluster,74,5000
unseen_series,MC_lig2d_ext_vs_MC_ecfp,MC_lig2d_ext,MC_ecfp,-0.017593456407416306,-0.09824300507625361,0.055965709009342925,0.6668666266746651,41,74,ecfp_cluster,ecfp_cluster,74,5000
unseen_series,MC_lig2d_ext_vs_MC_all2d,MC_lig2d_ext,MC_all2d,-0.014814158913723499,-0.04533324081456567,0.014176651071921384,0.8322335532893421,30,74,ecfp_cluster,ecfp_cluster,74,5000
unseen_series,MC_lig2d_ext_vs_MC_everything,MC_lig2d_ext,MC_everything,0.0017362626929756082,-0.04230961099640792,0.04737045333724047,0.47330533893221355,35,74,ecfp_cluster,ecfp_cluster,74,5000
unseen_series,MC_lig2d_ext_vs_MC_massaction,MC_lig2d_ext,MC_massaction,-0.05785621541552155,-0.15662489762081833,0.037873623137002876,0.8770245950809838,33,74,ecfp_cluster,ecfp_cluster,74,5000
unseen_series,MC_lig2d_ext_vs_MC_ecfp_massaction,MC_lig2d_ext,MC_ecfp_massaction,0.019093141038751794,-0.05893858221557475,0.09173214240398901,0.30453909218156366,48,74,ecfp_cluster,ecfp_cluster,74,5000
unseen_series,MC_lig2d_ext_vs_MC_lig2d_ext_massaction,MC_lig2d_ext,MC_lig2d_ext_massaction,0.027836032428263782,0.00996965504158074,0.04674534616595464,0.0011997600479904018,48,74,ecfp_cluster,ecfp_cluster,74,5000
unseen_series,MC_lig2d_ext_vs_MC_all2d_massaction,MC_lig2d_ext,MC_all2d_massaction,0.01509451630298866,-0.020527409120380972,0.048561883217973514,0.19696060787842432,41,74,ecfp_cluster,ecfp_cluster,74,5000
unseen_series,MC_lig2d_ext_vs_MC_everything_massaction,MC_lig2d_ext,MC_everything_massaction,0.014568294116944314,-0.02829877134661804,0.05878790287638387,0.25154969006198763,39,74,ecfp_cluster,ecfp_cluster,74,5000
unseen_series,MC_lig2d_ext_vs_MC_ecfp_SHUF,MC_lig2d_ext,MC_ecfp_SHUF,-0.1446830704109462,-0.24824471152480557,-0.03925825878168829,0.9974005198960207,28,74,ecfp_cluster,ecfp_cluster,74,5000
unseen_series,MC_lig2d_ext_vs_MC_lig2d_ext_SHUF,MC_lig2d_ext,MC_lig2d_ext_SHUF,-0.1779413090093436,-0.2806617200391412,-0.07699456495926749,0.9998000399920016,26,74,ecfp_cluster,ecfp_cluster,74,5000
unseen_series,MC_lig2d_ext_vs_MC_cond_SHUF,MC_lig2d_ext,MC_cond_SHUF,-0.6110251585879762,-0.7670326892786137,-0.4590082932245738,1.0,12,74,ecfp_cluster,ecfp_cluster,74,5000
unseen_series,MC_lig2d_ext_vs_MC_massaction_SHUF,MC_lig2d_ext,MC_massaction_SHUF,-0.15203450216870398,-0.25746676349151737,-0.04425214959405222,0.9972005598880224,24,74,ecfp_cluster,ecfp_cluster,74,5000
unseen_series,MC_lig2d_ext_vs_NULL_metal_mean,MC_lig2d_ext,NULL_metal_mean,-0.5024413425713085,-0.6752450749888446,-0.3416862028845322,1.0,18,74,ecfp_cluster,ecfp_cluster,74,5000
unseen_series,MC_lig2d_ext_vs_NULL_global_mean,MC_lig2d_ext,NULL_global_mean,-0.5254980778794897,-0.7068027559937852,-0.356471655390251,1.0,21,74,ecfp_cluster,ecfp_cluster,74,5000
unseen_series,MC_lig2d_ext_vs_NULL_extractant_mean,MC_lig2d_ext,NULL_extractant_mean,-0.39070455215710026,-0.5259978511845952,-0.26315361268372206,1.0,18,74,ecfp_cluster,ecfp_cluster,74,5000
unseen_series,MC_lig2d_ext_vs_NULL_nearest_condition,MC_lig2d_ext,NULL_nearest_condition,-0.3729358418980201,-0.5051509513482221,-0.24808690130394573,1.0,16,74,ecfp_cluster,ecfp_cluster,74,5000
