system,family,pc1,pc2
C1CCC2OCCOCCOC3CCCCC3OCCOCCOC2C1,crown_ether_calixarene,-5.28367,-0.488482
C1COCCOCCOCCOCCOCCO1,crown_ether_calixarene,-5.47779,-0.541136
CC(C)(C)Cc1cc(-c2cccc(-c3cc(CC(C)(C)C)[nH]n3)n2)n[nH]1,n_heterocyclic,-1.50738,0.277701
CC(C)(C)c1cc(-c2cc(C(C)(C)C)cc(-c3nnc4c(n3)C(C)(C)CCC4(C)C)n2)nc(-c2nnc3c(n2)C(C)(C)CCC3(C)C)c1,n_heterocyclic,-0.890388,-0.499472
CC(C)(C)c1ccc(NC(=O)c2cc(=O)cc(C(=O)Nc3ccc(C(C)(C)C)cc3)o2)cc1,polyamide_other,1.38812,-0.871476
CC(C)(C)c1ccc(NC(=O)c2cnccn2)cc1,pyridine_carboxamide,0.517073,-1.72788
CC(C)(C)c1ccc(NCC(=O)c2cccc(C(=O)CNc3ccc(C(C)(C)C)cc3)n2)cc1,n_heterocyclic,-0.0116306,-1.26402
CC(C)CCCC(C)CCCCN(C)C(=O)COCC(=O)N(C)CCCCC(C)CCCC(C)C,diglycolamide,1.75719,0.43202
CC(C)CCCCCP(=O)(CC(=O)N(CC(C)C)CC(C)C)c1ccccc1,carbamoylmethylphosphine_oxide,0.206683,0.410992
CC(C)CCN(CCC(C)C)C(=O)COCC(=O)N(CCC(C)C)CCC(C)C,diglycolamide,1.30208,0.0949269
CC(C)CCN(CCC(C)C)C(=O)COCC(=O)NCc1cccc(CNC(=O)COCC(=O)N(CCC(C)C)CCC(C)C)c1,diglycolamide,1.3227,1.083
CC(C)CN(CC(C)C)C(=O)C(C)C,monoamide,-0.370383,-3.2839
CC(C)CN(CC(C)C)C(=O)COCC(=O)N(CC(C)C)CC(C)C,diglycolamide,1.55009,0.330938
CC1(C)CCC(C)(C)c2nc(-c3ccc4ccc5ccc(-c6nnc7c(n6)C(C)(C)CCC7(C)C)nc5c4n3)nnc21,n_heterocyclic,-0.204409,1.55306
CC1(C)CCC(C)(C)c2nc(-c3cccc(-c4cccc(-c5cccc(-c6nnc7c(n6)C(C)(C)CCC7(C)C)n5)n4)n3)nnc21,n_heterocyclic,-0.784996,-1.26443
CC1(C)CCC(C)(C)c2nc(-c3cccc(-c4cccc(-c5cccc(-c6nnc7c(n6)C(C)(C)CCC7(C)C)n5)n4)n3)nnc21|CCCCC(Br)C(=O)O,carboxylic_acid+n_heterocyclic,-3.92194,-1.3418
CC1(C)CCC(C)(C)c2nc(-c3cccc(-c4cccc(-c5cccc(-c6nnc7c(n6)C(C)(C)CCC7(C)C)n5)n4)n3)nnc21|CCCCCCCCN(C)C(=O)C(CCCCCC)(OCC)C(=O)N(C)CCCCCCCC,malonamide+n_heterocyclic,0.149791,-0.529021
CC1(C)CCC(C)(C)c2nc(-c3cccc(-c4cccc(-c5ccccn5)n4)n3)nnc21,n_heterocyclic,-0.952082,-1.21196
CC1(C)CCC(C)(C)c2nc(-c3cccc(-c4cccc(-c5ccccn5)n4)n3)nnc21|CCCCCCCCC(Br)C(=O)O,carboxylic_acid+n_heterocyclic,-4.24855,-2.23267
CC1(C)CCC(C)(C)c2nc(-c3cccc(-c4cccc(-c5nnc6c(n5)C(C)(C)CCC6(C)C)n4)n3)nnc21,n_heterocyclic,-0.929648,-0.140169
CC1(C)OC(C)(C)c2nc(-c3cccc(-c4cccc(-c5nnc6c(n5)C(C)(C)OC6(C)C)n4)n3)nnc21,n_heterocyclic,-0.885957,-1.27544
CC1(C)SC(C)(C)c2nc(-c3cccc(-c4cccc(-c5nnc6c(n5)C(C)(C)SC6(C)C)n4)n3)nnc21,n_heterocyclic,-0.50324,-2.28854
CC12CCC(c3nnc(-c4cccc(-c5cccc(-c6nnc7c(n6)C6(C)CCC7C6(C)C)n5)n4)nc31)C2(C)C,n_heterocyclic,-0.993946,0.0189843
CC12CCC(c3nnc(-c4cccc(-c5nnc6c(n5)C5(C)CCC6C5(C)C)n4)nc31)C2(C)C,n_heterocyclic,-1.46905,-0.556271
CCCC(=O)N(CC(C)C)CC(C)C,monoamide,-0.293211,-1.67351
CCCCC(CC)C(=O)N(CCCC)CCCC,monoamide,-1.03146,-2.31137
CCCCC(CC)CN(C)C(=O)COCC(=O)N(C)CC(CC)CCCC,diglycolamide,1.57004,1.06797
CCCCC(CC)CN(CC(=O)N(CC(CC)CCCC)CC(CC)CCCC)CC(=O)N(CC(CC)CCCC)CC(CC)CCCC,amino_polyamide,-1.67154,-0.10195
CCCCC(CC)CN(CC(CC)CCCC)C(=O)C(C)(C)C,monoamide,-0.130079,-2.29621
CCCCC(CC)CN(CC(CC)CCCC)C(=O)C(C)C,monoamide,-0.236828,-2.8052
CCCCC(CC)CN(CC(CC)CCCC)C(=O)CC,monoamide,-0.211615,-2.42445
CCCCC(CC)CN(CC(CC)CCCC)C(=O)CC(C)(C)C,monoamide,0.129151,-2.24981
CCCCC(CC)CN(CC(CC)CCCC)C(=O)CCC,monoamide,-0.592001,-1.72404
CCCCC(CC)CN(CC(CC)CCCC)C(=O)CCOCCC(=O)N(CC(CC)CCCC)CC(CC)CCCC,polyamide_other,1.86245,-1.28908
CCCCC(CC)CN(CC(CC)CCCC)C(=O)CN(CC(=O)N(CC(CC)CCCC)CC(CC)CCCC)CC(=O)N(CC(CC)CCCC)CC(CC)CCCC,amino_polyamide,-1.46424,0.0512562
CCCCC(CC)CN(CC(CC)CCCC)C(=O)COCC(=O)N(CC(CC)CCCC)CC(CC)CCCC,diglycolamide,1.36938,0.451096
CCCCC(CC)CN(CC(CC)CCCC)C(C)=O,monoamide,-0.320231,-1.83043
CCCCC(CC)CN(CC(CC)CCCC)C(C)=O|CCCCCCCCN(CCCCCCCC)C(=O)COCC(=O)N(CCCCCCCC)CCCCCCCC,diglycolamide+monoamide,-0.846291,1.50581
CCCCC(CC)CP(=O)(CC(=O)N(CC(C)C)CC(C)C)c1ccccc1,carbamoylmethylphosphine_oxide,-0.0168135,0.0988434
CCCCCC(=O)N(C(C)CC)C(C)CC,monoamide,-0.494618,-1.57691
CCCCCC(=O)N(CC(CC)CCCC)CC(CC)CCCC,monoamide,-0.0637027,-1.85645
CCCCCC(=O)N(CCCC)CCCC,monoamide,-0.219843,-1.45078
CCCCCC(C)Oc1cc(CNC(=O)COCC(=O)N(CCCC)CCCC)cc(CNC(=O)COCC(=O)N(CCCC)CCCC)c1,diglycolamide,0.810968,2.28608
CCCCCC(CC)C(=O)N(CC(C)C)CC(C)C,monoamide,-0.22758,-2.4351
CCCCCCC(C)N(CCCC)C(=O)COCC(=O)N(CCCC)C(C)CCCCCC,diglycolamide,1.4986,1.38424
CCCCCCC(CCCC)CCCN(C)C(=O)COCC(=O)N(C)CCCC(CCCC)CCCCCC,diglycolamide,1.56141,0.678926
CCCCCCCC(=O)N(CCCCCC)CCCCCC,monoamide,-0.577215,-1.68418
CCCCCCCC(=O)N(CCCCCC)CCCCCC|CCCCCCCCN(CCCCCCCC)C(=O)COCC(=O)N(CCCCCCCC)CCCCCCCC,diglycolamide+monoamide,-0.75065,1.76906
CCCCCCCCC(Br)C(=O)O|Cc1cc(C)n(-c2cncc(-n3nc(C)cc3C)n2)n1,carboxylic_acid+n_heterocyclic,-4.19874,-1.19319
CCCCCCCCC(Br)C(=O)O|Cc1ccn(-c2cccc(-n3ccc(C)n3)n2)n1,carboxylic_acid+n_heterocyclic,-3.78905,-1.22437
CCCCCCCCC(Br)C(=O)O|c1cc(-n2cccn2)nc(-n2cccn2)c1,carboxylic_acid+n_heterocyclic,-3.84955,-0.83829
CCCCCCCCC(C)(C)SCC1CN(C(=O)COCC(=O)N2CC(C)C(CSC(C)(C)CCCCCCCC)C2)CC1C,diglycolamide,1.49173,0.182068
CCCCCCCCCC(=O)N(C)C,monoamide,0.245745,-0.652291
CCCCCCCCCC(=O)N(CC)CC,monoamide,-0.136854,-0.815354
CCCCCCCCCC(=O)N(CCCCCC)CCCCCC,monoamide,-0.42404,-1.7863
CCCCCCCCCCCC(=O)N(CC(CC)CCCC)CC(CC)CCCC,monoamide,0.0753104,-1.50117
CCCCCCCCCCCC(=O)N(CC)CC,monoamide,-0.6127,-1.95629
CCCCCCCCCCCCCCC(C(=O)N(C)CCCC)C(=O)N(C)CCCC,malonamide,1.84434,0.57183
CCCCCCCCCCCCN(C)C(=O)C1CC(OC)CC(C(=O)N(C)CCCCCCCCCCCC)O1,diglycolamide,0.431375,1.07696
CCCCCCCCCCCCN(C)C(=O)COCC(=O)N(C)CCCCCCCCCCCC,diglycolamide,1.45654,0.599851
CCCCCCCCCCCCN(CC)C(=O)COCC(=O)N(CC)CCCCCCCCCCCC,diglycolamide,1.79111,0.86019
CCCCCCCCCCCCN(CCC)C(=O)COCC(=O)N(CCC)CCCCCCCCCCCC,diglycolamide,1.48868,0.880589
CCCCCCCCCCCCN(CCCC)C(=O)COCC(=O)N(CCCC)CCCCCCCCCCCC,diglycolamide,1.74798,0.891399
CCCCCCCCCCCCN(CCCCCCCC)C(=O)COCC(=O)N(CCCCCCCC)CCCCCCCCCCCC,diglycolamide,1.51949,0.743302
CCCCCCCCCCCCN(CCCCCCCCCCCC)C(=O)COC1CCCN(CCCCCC)C1=O,diglycolamide,1.00179,0.526634
CCCCCCCCCCCCN(CCCCCCCCCCCC)C(=O)COCC(=O)N(CCCCCCCC)CCCCCCCC,diglycolamide,0.129392,0.3353
CCCCCCCCCCCCN(CCCCCCCCCCCC)C(=O)COCC(=O)N(CCCCCCCCCCCC)CCCCCCCCCCCC,diglycolamide,1.38656,0.735193
CCCCCCCCCCCCN(CCCCCCCCCCCC)C(=O)COCCOCC(=O)N(CCCCCCCCCCCC)CCCCCCCCCCCC,podand_ether,0.344919,0.735248
CCCCCCCCCCCCNC(=O)c1cc(=O)cc(C(=O)NCCCCCCCCCCCC)o1,polyamide_other,0.951705,-1.24441
CCCCCCCCCCCCNC(=O)c1cc(OC)ccn1,pyridine_carboxamide,0.365967,-1.67138
CCCCCCCCCCCCNCC(=O)c1cccc(C(=O)CNCCCCCCCCCCCC)n1,n_heterocyclic,-5.78694,-2.04957
CCCCCCCCCCCCOCc1cc(-n2ccc(C)n2)nc(-n2ccc(C)n2)c1,n_heterocyclic,-1.40585,-0.139591
CCCCCCCCCCCCOCc1cc(-n2ccc(C)n2)nc(-n2ccc(C)n2)c1|c1cc(-n2cccn2)nc(-n2cccn2)c1,carboxylic_acid+n_heterocyclic,-3.88269,-1.07849
CCCCCCCCCCCCOCc1cc(-n2cccn2)nc(-n2cccn2)c1,n_heterocyclic,-1.63893,-0.878381
CCCCCCCCCCCCOCc1cc(-n2cccn2)nc(-n2cccn2)c1|c1cc(-n2cccn2)nc(-n2cccn2)c1,carboxylic_acid+n_heterocyclic,-4.46863,-0.451637
CCCCCCCCCCCCOc1cc(CNC(=O)COCC(=O)N(CCCC)CCCC)cc(CNC(=O)COCC(=O)N(CCCC)CCCC)c1,diglycolamide,0.664185,2.32492
CCCCCCCCCCN(CCCCCCCCCC)C(=O)C(C)OC(C)C(=O)N(CCCCCCCCCC)CCCCCCCCCC,diglycolamide,1.05902,0.0650878
CCCCCCCCCCN(CCCCCCCCCC)C(=O)COCC(=O)N(CCCCCC)CCCCCC,diglycolamide,1.06826,1.07725
CCCCCCCCCCN(CCCCCCCCCC)C(=O)COCC(=O)N(CCCCCCCCCC)CCCCCCCCCC,diglycolamide,1.45465,0.674398
CCCCCCCCCCN(CCCCCCCCCC)C(=O)[C@H](C)O[C@@H](CC)C(=O)N(CCCCCCCCCC)CCCCCCCCCC,diglycolamide,0.92121,-0.805908
CCCCCCCCCCN(CCCCCCCCCC)C(=O)[C@H](C)O[C@H](CC)C(=O)N(CCCCCCCCCC)CCCCCCCCCC,diglycolamide,0.935273,-0.322922
CCCCCCCCCCN(CCCCCCCCCC)C(=O)[C@H](CCC)O[C@@H](CCC)C(=O)N(CCCCCCCCCC)CCCCCCCCCC,diglycolamide,0.412089,-0.570448
CCCCCCCCCCN(CCCCCCCCCC)C(=O)[C@H](CCC)O[C@H](CCC)C(=O)N(CCCCCCCCCC)CCCCCCCCCC,diglycolamide,0.305301,-0.831268
CCCCCCCCN(C(=O)c1ccc2ccc3cccnc3c2n1)c1ccc(C)cc1,pyridine_carboxamide,1.08843,-0.438439
CCCCCCCCN(C)C(=O)C(CCCCCC)(OCC)C(=O)N(C)CCCCCCCC|CCCCCCCCN(CCCCCCCC)C(=O)COCC(=O)N(CCCCCCCC)CCCCCCCC,diglycolamide+malonamide,2.3804,0.490142
CCCCCCCCN(C)C(=O)C(CCCCCC)C(=O)N(C)CCCCCCCC,malonamide,1.81302,0.558397
CCCCCCCCN(C)C(=O)C(CCOCCCCCC)C(=O)N(C)CCCCCCCC,malonamide,1.37608,-0.355386
CCCCCCCCN(C)C(=O)CC(=O)N(C)CCCCCCCC,malonamide,1.6512,-0.0175976
CCCCCCCCN(C)C(=O)COCC(=O)N(C)CCCCCCCC,diglycolamide,1.7928,1.01487
CCCCCCCCN(C)C(=O)COCC(=O)N(C)Cc1cccc(CN(C)C(=O)COCC(=O)N(C)CCCCCCCC)c1,diglycolamide,1.46308,1.69404
CCCCCCCCN(C)C(=O)COCC(=O)N(CCCCCCCC)CCCCCCCC,diglycolamide,1.47378,0.896693
CCCCCCCCN(C)C(=O)COCC(=O)NCc1cccc(CNC(=O)COCC(=O)N(C)CCCCCCCC)c1,diglycolamide,0.93806,1.72874
CCCCCCCCN(CC(=O)N(CCCCCCCC)CCCCCCCC)CC(=O)N(CCCCCCCC)CCCCCCCC,amino_polyamide,-1.5195,-0.774886
CCCCCCCCN(CC(C)C)C(=O)COCC(=O)N(CCCCCCCC)CC(C)C,diglycolamide,1.34876,0.462778
CCCCCCCCN(CC(CC)CCCC)C(=O)COCC(=O)N(CCCCCCCC)CC(CC)CCCC,diglycolamide,1.26925,0.360808
CCCCCCCCN(CC)C(=O)COCC(=O)N(CC)CCCCCCCC,diglycolamide,1.44685,1.04996
CCCCCCCCN(CCC(C)CC(C)(C)C)C(=O)COCC(=O)N(CCCCCCCC)CCC(C)CC(C)(C)C,diglycolamide,1.39793,0.228794
CCCCCCCCN(CCC)C(=O)COCC(=O)N(CCC)CCCCCCCC,diglycolamide,1.47973,0.962813
CCCCCCCCN(CCCC(CCCC)CCCCCC)C(=O)COCC(=O)N(CCCCCCCC)CCCC(CCCC)CCCCCC,diglycolamide,1.70342,0.389009
CCCCCCCCN(CCCCC(C)CCCC(C)C)C(=O)COCC(=O)N(CCCCCCCC)CCCCC(C)CCCC(C)C,diglycolamide,1.83385,0.183538
CCCCCCCCN(CCCCCCCC)C(=O)C(C)C,monoamide,-0.190592,-2.25916
CCCCCCCCN(CCCCCCCC)C(=O)C(C)OC(C(=O)N(CCCCCCCC)CCCCCCCC)c1ccccc1,diglycolamide,1.07995,0.0802871
CCCCCCCCN(CCCCCCCC)C(=O)C(C)OC(C)C(=O)N(CCCCCCCC)CCCCCCCC,diglycolamide,1.39421,-0.0936471
CCCCCCCCN(CCCCCCCC)C(=O)C(CC)CCCC,monoamide,-0.728557,-1.54903
CCCCCCCCN(CCCCCCCC)C(=O)C1CCC(C(=O)N(CCCCCCCC)CCCCCCCC)O1,diglycolamide,1.1158,0.260084
CCCCCCCCN(CCCCCCCC)C(=O)CC(=O)N(CCCCCCCC)CCCCCCCC,malonamide,1.75678,0.359316
CCCCCCCCN(CCCCCCCC)C(=O)CCC,monoamide,-0.104555,-1.06901
CCCCCCCCN(CCCCCCCC)C(=O)CCCCCCC,monoamide,-0.483325,-1.58594
CCCCCCCCN(CCCCCCCC)C(=O)CCOCCC(=O)N(CCCCCCCC)CCCCCCCC,polyamide_other,1.41695,-1.31942
CCCCCCCCN(CCCCCCCC)C(=O)CN(C)CC(=O)N(CCCCCCCC)CCCCCCCC,amino_polyamide,-1.42672,0.42569
CCCCCCCCN(CCCCCCCC)C(=O)CN(CC(=O)N(CCCCCCCC)CCCCCCCC)C(C)=O,polyamide_other,0.506867,-0.902301
CCCCCCCCN(CCCCCCCC)C(=O)CN(CC(=O)N(CCCCCCCC)CCCCCCCC)CC(=O)N(CCCCCCCC)CCCCCCCC,amino_polyamide,-2.80124,0.465177
CCCCCCCCN(CCCCCCCC)C(=O)CN(CC(=O)N(CCCCCCCC)CCCCCCCC)Cc1ccccc1,amino_polyamide,-1.606,-0.827317
CCCCCCCCN(CCCCCCCC)C(=O)CN(CC(=O)N(CCCCCCCC)CCCCCCCC)c1ccccc1,amino_polyamide,-0.458781,-1.75026
CCCCCCCCN(CCCCCCCC)C(=O)CNCC(=O)N(CCCCCCCC)CCCCCCCC,amino_polyamide,-3.09337,-1.60474
CCCCCCCCN(CCCCCCCC)C(=O)CNCP(=O)(CCCC)CCCC,amide_phosphoryl_hybrid,-4.4856,-0.545014
CCCCCCCCN(CCCCCCCC)C(=O)CNCP(=O)(OCCCC)OCCCC,amide_phosphoryl_hybrid,-4.34976,-0.387913
CCCCCCCCN(CCCCCCCC)C(=O)CO,monoamide,-0.277202,1.05783
CCCCCCCCN(CCCCCCCC)C(=O)COC(C(=O)N(CCCCCCCC)CCCCCCCC)c1ccccc1,diglycolamide,1.39128,0.1807
CCCCCCCCN(CCCCCCCC)C(=O)COC(C)C(=O)N(CCCCCCCC)CCCCCCCC,diglycolamide,1.7452,0.428214
CCCCCCCCN(CCCCCCCC)C(=O)COCC(=O)N(C)C,diglycolamide,1.72829,1.42435
CCCCCCCCN(CCCCCCCC)C(=O)COCC(=O)N(CC)CCN(CC)C(=O)COCC(=O)N(CCCCCCCC)CCCCCCCC,diglycolamide,1.29565,1.24628
CCCCCCCCN(CCCCCCCC)C(=O)COCC(=O)N(CCCCCCCC)CCCCCCCC,diglycolamide,1.59315,0.751793
CCCCCCCCN(CCCCCCCC)C(=O)COCC(=O)N(CCCCCCCC)CCCCCCCC|CCCCOP(=O)(OCCCC)OCCCC,diglycolamide+neutral_organophosphate,1.10653,1.02543
CCCCCCCCN(CCCCCCCC)C(=O)COCC(=O)N(CCCCCCCC)CCCCCCCC|O=C(COCC(=O)N(CCO)CCO)N(CCO)CCO,diglycolamide,1.05497,0.0515492
CCCCCCCCN(CCCCCCCC)C(=O)COCC(=O)N(CCCCCCCC)CCCCCCCC|O=C(COCC(=O)N(CCOCCO)CCOCCO)N(CCOCCO)CCOCCO,diglycolamide,1.15184,0.635468
CCCCCCCCN(CCCCCCCC)C(=O)COCC(=O)N(CCCCCCCC)CCCCCCCC|O=C(COCC(=O)N(CCOCCOCCO)CCOCCOCCO)N(CCOCCOCCO)CCOCCOCCO,diglycolamide,1.44002,1.2885
CCCCCCCCN(CCCCCCCC)C(=O)COCC(=O)N(CCCCCCCC)CCCCCCCC|O=P(O)(O)c1cccc(P(=O)(O)O)n1,diglycolamide,0.93004,-0.744802
CCCCCCCCN(CCCCCCCC)C(=O)COCC(=O)N(CCCCCCCC)CCCCCCCC|O=P(O)(O)c1ccccn1,diglycolamide,1.34935,0.599863
CCCCCCCCN(CCCCCCCC)C(=O)COCC(=O)N(CCN(C(=O)COCC(=O)N(CCCCCCCC)CCCCCCCC)C(C)C)C(C)C,diglycolamide,1.39948,1.12562
CCCCCCCCN(CCCCCCCC)C(=O)COCC(=O)N1CCCC1,diglycolamide,1.01169,1.7309
CCCCCCCCN(CCCCCCCC)C(=O)COCC(=O)N1CCCCC1,diglycolamide,1.51203,1.92075
CCCCCCCCN(CCCCCCCC)C(=O)COCC(=O)N1CCOCC1,diglycolamide,1.19985,1.52138
CCCCCCCCN(CCCCCCCC)C(=O)COCC(=O)NCCCCCCCNC(=O)COCC(=O)N(CCCCCCCC)CCCCCCCC,diglycolamide,1.02336,1.67924
CCCCCCCCN(CCCCCCCC)C(=O)COCC(=O)NCCCCCCNC(=O)COCC(=O)N(CCCCCCCC)CCCCCCCC,diglycolamide,0.86806,1.66479
CCCCCCCCN(CCCCCCCC)C(=O)COCC(=O)NCCCCCNC(=O)COCC(=O)N(CCCCCCCC)CCCCCCCC,diglycolamide,0.731209,1.15793
CCCCCCCCN(CCCCCCCC)C(=O)COCC(=O)NCCCOCCCNC(=O)COCC(=O)N(CCCCCCCC)CCCCCCCC,diglycolamide,1.29628,1.91599
CCCCCCCCN(CCCCCCCC)C(=O)COCC(=O)NCCCOc1cc(OCCCNC(=O)COCC(=O)N(CCCCCCCC)CCCCCCCC)cc(OCCCNC(=O)COCC(=O)N(CCCCCCCC)CCCCCCCC)c1,diglycolamide,0.58433,3.1423
CCCCCCCCN(CCCCCCCC)C(=O)COCC(=O)NCCNC(=O)COCC(=O)N(CCCCCCCC)CCCCCCCC,diglycolamide,1.19654,0.920174
CCCCCCCCN(CCCCCCCC)C(=O)COCC(=O)NCCNC(=O)c1cc(C(=O)NCCNC(=O)COCC(=O)N(CCCCCCCC)CCCCCCCC)cc(C(=O)NCCNC(=O)COCC(=O)N(CCCCCCCC)CCCCCCCC)c1,diglycolamide,-0.0165892,3.80199
CCCCCCCCN(CCCCCCCC)C(=O)COCC(=O)NCCOCCNC(=O)COCC(=O)N(CCCCCCCC)CCCCCCCC,diglycolamide,0.587816,1.41501
CCCCCCCCN(CCCCCCCC)C(=O)COCC(=O)NCCc1c(CC)c(CCNC(=O)COCC(=O)N(CCCCCCCC)CCCCCCCC)c(CC)c(CCNC(=O)COCC(=O)N(CCCCCCCC)CCCCCCCC)c1CC,diglycolamide,-0.00790103,3.16216
CCCCCCCCN(CCCCCCCC)C(=O)COCC(=O)NCc1ccc(CNC(=O)COCC(=O)N(CCCCCCCC)CCCCCCCC)cc1,diglycolamide,1.42966,2.1694
CCCCCCCCN(CCCCCCCC)C(=O)COCC(=O)NCc1cccc(CNC(=O)COCC(=O)N(CCCCCCCC)CCCCCCCC)c1,diglycolamide,1.16251,1.81322
CCCCCCCCN(CCCCCCCC)C(=O)COCCOCC(=O)N(CCCCCCCC)CCCCCCCC,podand_ether,0.438849,0.707552
CCCCCCCCN(CCCCCCCC)C(=O)COCP(=O)(CCCC)CCCC,amide_phosphoryl_hybrid,-0.737224,-0.194753
CCCCCCCCN(CCCCCCCC)C(=O)COCP(=O)(OCCCC)OCCCC,amide_phosphoryl_hybrid,-0.428317,-0.651045
CCCCCCCCN(CCCCCCCC)C(=O)[C@H](C)O[C@@H](C)C(=O)N(CCCCCCCC)CCCCCCCC,diglycolamide,1.12699,0.324966
CCCCCCCCN(CCCCCCCC)C(=O)[C@H](C)O[C@@H](CC)C(=O)N(CCCCCCCC)CCCCCCCC,diglycolamide,0.993237,-0.358611
CCCCCCCCN(CCCCCCCC)C(=O)[C@H](C)O[C@H](C)C(=O)N(CCCCCCCC)CCCCCCCC,diglycolamide,0.962437,0.0615908
CCCCCCCCN(CCCCCCCC)C(=O)[C@H](CCC)O[C@@H](CCC)C(=O)N(CCCCCCCC)CCCCCCCC,diglycolamide,0.429491,-0.561442
CCCCCCCCN(CCCCCCCC)C(=O)[C@H](CCC)O[C@H](CCC)C(=O)N(CCCCCCCC)CCCCCCCC,diglycolamide,0.517443,-0.670436
CCCCCCCCN(CCCCCCCC)C(=O)c1ccc(C(=O)N(CCCCCCCC)CCCCCCCC)o1,polyamide_other,0.889446,-1.23531
CCCCCCCCN(CCCCCCCC)C(=O)c1ccc(C(=O)N(CCCCCCCC)CCCCCCCC)s1,polyamide_other,-2.89853,-2.41025
CCCCCCCCN(CCCCCCCC)C(=O)c1ccc2ccc3ccc(C(=O)N(CCCCCCCC)CCCCCCCC)nc3c2n1,pyridine_carboxamide,1.46224,-0.950264
CCCCCCCCN(CCCCCCCC)C(=O)c1ccc2ccc3ccc(C(=O)N(CCCCCCCC)CCCCCCCC)nc3c2n1|Cc1cc(Br)ccc1NC(=O)CCl,metallacarborane_anion+pyridine_carboxamide,-4.7774,0.561792
CCCCCCCCN(CCCCCCCC)C(=O)c1ccc2ccccc2n1,pyridine_carboxamide,0.9517,-1.24415
CCCCCCCCN(CCCCCCCC)C(=S)c1ccc(C(=S)N(CCCCCCCC)CCCCCCCC)s1,sulfur_donor_other,-3.57114,-1.87479
CCCCCCCCN(CCCCCCCC)C(=S)c1ccc2ccc3ccc(C(=S)N(CCCCCCCC)CCCCCCCC)nc3c2n1,pyridine_carboxamide,1.52525,-0.307048
CCCCCCCCN(CCCCCCCC)C(=S)c1ccc2ccc3ccc(C(=S)N(CCCCCCCC)CCCCCCCC)nc3c2n1|Cc1cc(Br)ccc1NC(=O)CCl,metallacarborane_anion+pyridine_carboxamide,-4.05165,-1.63404
CCCCCCCCNC(=O)c1cc(Cl)ccn1,pyridine_carboxamide,0.528617,-1.56917
CCCCCCCCNC(=O)c1cc(OC)ccn1,pyridine_carboxamide,-0.0920121,-1.71432
CCCCCCCCNC(=O)c1cnccn1,pyridine_carboxamide,0.397478,-1.66009
CCCCCCCCOc1cc(C(=O)N(C)c2ccc(C(C)(C)C)cc2)nc(C(=O)N(C)c2ccc(C(C)(C)C)cc2)c1,pyridine_carboxamide,0.376307,-0.871754
CCCCCCCCOc1cc(C(=O)Nc2ccc(C(C)(C)C)cc2)nc(C(=O)Nc2ccc(C(C)(C)C)cc2)c1,pyridine_carboxamide,0.469152,-0.520154
CCCCCCCCP(=O)(CC(=O)N(CC(C)C)CC(C)C)c1ccccc1,carbamoylmethylphosphine_oxide,-0.0932165,0.473618
CCCCCCCCP(=O)(CCCCCCCC)Cc1cccc(CP(=O)(CCCCCCCC)CCCCCCCC)[n+]1[O-],phosphine_oxide,-1.77528,5.27895
CCCCCCCCn1cc(-c2cc(CC(=O)O)cc(-c3cn(CCCCCCCC)nn3)n2)nn1,n_heterocyclic,-0.651132,-1.40323
CCCCCCN(C)C(=O)CC(=O)N(C)CCCCCC,malonamide,1.83757,0.408032
CCCCCCN(C=O)CCCCCC,monoamide,-0.419127,-1.24032
CCCCCCN(CCC(C)CCC=C(C)C)C(=O)COCC(=O)N(CCCCCC)CCC(C)CCC=C(C)C,diglycolamide,2.00329,1.29349
CCCCCCN(CCC(C)CCCC(C)C)C(=O)COCC(=O)N(CCCCCC)CCC(C)CCCC(C)C,diglycolamide,2.18331,1.09941
CCCCCCN(CCCCCC)C(=O)C(C)C,monoamide,0.420867,-1.92108
CCCCCCN(CCCCCC)C(=O)C(CC)CCCC,monoamide,-0.641799,-2.36777
CCCCCCN(CCCCCC)C(=O)CC(=O)N(CCCCCC)CCCCCC,malonamide,1.83915,0.516661
CCCCCCN(CCCCCC)C(=O)CCC,monoamide,0.170133,-1.65878
CCCCCCN(CCCCCC)C(=O)CCCCC,monoamide,-0.334414,-1.73059
CCCCCCN(CCCCCC)C(=O)COCC(=O)N(CC)CCN(CC)C(=O)COCC(=O)N(CCCCCC)CCCCCC,diglycolamide,1.44844,1.301
CCCCCCN(CCCCCC)C(=O)COCC(=O)N(CCCCCC)CCCCCC,diglycolamide,1.44551,0.766952
CCCCCCN(CCCCCC)C(=O)COCC(=O)N(CCN(C(=O)COCC(=O)N(CCCCCC)CCCCCC)C(C)C)C(C)C,diglycolamide,1.61291,1.19919
CCCCCCN(CCCCCC)C(=O)COCC(=O)N1CCCC1,diglycolamide,1.60128,1.57595
CCCCCCN(CCCCCC)C(=O)COCC(=O)N1CCCCC1,diglycolamide,1.56967,1.29943
CCCCCCN(CCCCCC)C(=O)COCC(=O)N1CCOCC1,diglycolamide,1.53268,1.05567
CCCCCCN(CCCCCC)C(=O)COCC(=O)NCCNC(=O)COCC(=O)N(CCCCCC)CCCCCC,diglycolamide,1.16938,0.926294
CCCCCCN(CCCCCC)C(=O)c1ccc2ccc3cccnc3c2n1,pyridine_carboxamide,0.524016,-0.931205
CCCCCCOCCC(C(=O)N(C)CCCC)C(=O)N(C)CCCC,malonamide,1.07553,-0.730287
CCCCCCOP(=O)(O)OCCCCCC,phosphoric_acid,-6.20083,3.94982
CCCCCCOc1cc(CNC(=O)COCC(=O)N(CCCC)CCCC)cc(CNC(=O)COCC(=O)N(CCCC)CCCC)c1,diglycolamide,0.757517,2.4377
CCCCCCc1ccc(N(CC)C(=O)c2cccc(-c3cccc(C(=O)N(CC)c4ccc(CCCCCC)cc4)n3)n2)cc1,pyridine_carboxamide,1.06222,-0.989048
CCCCCCn1c(-c2ccccc2)c(-c2ccccc2)c2cc3ccc4cc5c(-c6ccccc6)c(-c6ccccc6)n(CCCCCC)c(=O)c5nc4c3nc2c1=O,n_heterocyclic,-0.661038,1.99609
CCCCCN(CCCCC)C(=O)COCC(=O)N(CCCCC)CCCCC,diglycolamide,1.39007,0.869564
CCCCCc1nnc(-c2cccc(-c3cccc(-c4nnc(CCCCC)c(CCCCC)n4)n3)n2)nc1CCCCC,n_heterocyclic,-0.609502,0.149291
CCCCN(C)C(=O)CC(=O)N(C)CCCC,malonamide,0.993912,-1.44502
CCCCN(CCCC)C(=O)C(C)(C)C,monoamide,-0.163186,-3.32683
CCCCN(CCCC)C(=O)C(C)C,monoamide,-0.672956,-2.66929
CCCCN(CCCC)C(=O)C(Cc1ccccc1CC(C(=O)N(CCCC)CCCC)C(=O)N(CCCC)CCCC)C(=O)N(CCCC)CCCC,malonamide,1.3603,1.14139
CCCCN(CCCC)C(=O)CC,monoamide,-0.372342,-1.11808
CCCCN(CCCC)C(=O)CC(=O)N(CCCC)CCCC,malonamide,1.65386,0.624045
CCCCN(CCCC)C(=O)CCC,monoamide,0.234211,-1.41727
CCCCN(CCCC)C(=O)CCC(=O)N(CCCC)CCCC,polyamide_other,1.12082,-0.54232
CCCCN(CCCC)C(=O)COCC(=O)N(CC)CCN(CC)C(=O)COCC(=O)N(CCCC)CCCC,diglycolamide,0.622955,1.40893
CCCCN(CCCC)C(=O)COCC(=O)N(CCCC)CCCC,diglycolamide,1.48949,1.405
CCCCN(CCCC)C(=O)COCC(=O)N(CCN(C(=O)COCC(=O)N(CCCC)CCCC)C(C)C)C(C)C,diglycolamide,0.929614,1.05945
CCCCN(CCCC)C(=O)COCC(=O)NCCCCCCNC(=O)COCC(=O)N(CCCC)CCCC,diglycolamide,0.824386,1.83643
CCCCN(CCCC)C(=O)COCC(=O)NCCCCCNC(=O)COCC(=O)N(CCCC)CCCC,diglycolamide,0.94144,0.822539
CCCCN(CCCC)C(=O)COCC(=O)NCCNC(=O)COCC(=O)N(CCCC)CCCC,diglycolamide,0.841508,1.15649
CCCCN(CCCC)C(=O)COCC(=O)NCc1cccc(CNC(=O)COCC(=O)N(CCCC)CCCC)c1,diglycolamide,0.794257,1.90313
CCCCN(CCCC)C(=O)c1ccc2ccc3ccc(C(=O)N(CCCC)CCCC)nc3c2n1,pyridine_carboxamide,0.856139,-0.844955
CCCCN(CCCC)C(=O)c1ccc2ccc3cccnc3c2n1,pyridine_carboxamide,1.19602,-0.102156
CCCCN(CCCC)C(=O)c1ccccc1C(=O)O,carboxylic_acid,-1.03263,4.08426
CCCCN(CCCC)C(C)=O,monoamide,0.0206818,-0.563738
CCCCOP(=O)(OCCCC)OCCCC,neutral_organophosphate,-0.528903,-0.700314
CCCCOP(=S)(COCP(=S)(OCCCC)OCCCC)OCCCC,sulfur_donor_other,-1.57585,-1.01721
CCCCOP(=S)(CP(=S)(OCCCC)OCCCC)OCCCC,sulfur_donor_other,-0.0706626,1.90943
CCCCP(=S)(CCCC)COCP(=S)(CCCC)CCCC,sulfur_donor_other,-0.304795,-0.727733
CCCCP(=S)(CCCC)CP(=S)(CCCC)CCCC,sulfur_donor_other,-1.50375,-1.38515
CCCN(CCC)C(=O)CC(=O)N(CCC)CCC,diglycolamide,1.58807,1.01697
CCCN(CCC)C(=O)COCC(=O)N(CCC)CCC,diglycolamide,1.41633,0.863649
CCCc1nnc(-c2cccc(-c3nnc(CCC)c(CCC)n3)n2)nc1CCC,n_heterocyclic,-0.753504,-0.144141
CCN(C(=O)c1ccc2ccc3ccc(C(=O)N(CC)c4ccc(C)cc4)nc3c2n1)c1ccc(C)cc1,pyridine_carboxamide,1.18745,-0.730768
CCN(C(=O)c1cccc(-c2cccc(C(=O)N(CC)c3cc(C)cc(C)c3)n2)n1)c1cc(C)cc(C)c1,pyridine_carboxamide,1.03596,-0.444408
CCN(C(=O)c1cccc(-c2cccc(C(=O)N(CC)c3cc(C)ccc3C)n2)n1)c1cc(C)ccc1C,pyridine_carboxamide,1.15396,-0.748424
CCN(C(=O)c1cccc(-c2cccc(C(=O)N(CC)c3ccc(C)cc3C)n2)n1)c1ccc(C)cc1C,pyridine_carboxamide,1.12601,-0.769342
CCN(C(=O)c1cccc(-c2cccc(C(=O)N(CC)c3ccccc3)n2)n1)c1ccccc1,pyridine_carboxamide,1.28383,-0.71099
CCN(C(=O)c1cccc(C(=O)N(CC)c2ccc(C)cc2)n1)c1ccc(C)cc1,pyridine_carboxamide,1.41896,-0.981094
CCN(C(=O)c1cccc(C(=O)N(CC)c2cccc(C)c2)n1)c1cccc(C)c1,pyridine_carboxamide,1.17807,-0.936806
CCN(C(=O)c1cccc(C(=O)N(CC)c2ccccc2C)n1)c1ccccc1C,pyridine_carboxamide,1.22113,-0.982371
CCN(CC)C(=O)COCC(=O)N(CC)CC,diglycolamide,1.4443,0.442374
CCN(CC)C(=O)COc1c2cc(OC)cc1Cc1cc(OC)cc(c1OCC(=O)N(CC)CC)Cc1cc(OC)cc(c1OCC(=O)N(CC)CC)Cc1cc(OC)cc(c1OCC(=O)N(CC)CC)Cc1cc(OC)cc(c1OCC(=O)N(CC)CC)Cc1cc(OC)cc(c1OCC(=O)N(CC)CC)C2,crown_ether_calixarene,-9.21355,0.611621
CCN(CC)C(=O)c1ccc2ccc3cccnc3c2n1,pyridine_carboxamide,1.53336,-0.0316291
CCOP(=O)(OCC)c1ccc2ccc3ccc(P(=O)(OCC)OCC)nc3c2n1,phosphonate_phosphinate_neutral,-0.530648,-2.77083
CCOP(=S)(COCP(=S)(OCC)OCC)OCC,sulfur_donor_other,-0.261517,-1.17474
CCc1ccc(N(CC)C(=O)c2ccc3ccc4ccc(C(=O)N(CC)c5ccc(CC)cc5)nc4c3n2)cc1,pyridine_carboxamide,1.49872,0.574651
CN(C(=O)CC(=O)N(C)c1ccccc1)c1ccccc1,malonamide,1.44782,-1.26016
CN(C(=O)COCC(=O)N(C)c1ccccc1)c1ccccc1,diglycolamide,1.15698,0.307271
CN(C(=O)c1cccc(C(=O)N(C)c2ccccc2)n1)c1ccccc1,pyridine_carboxamide,1.58305,-1.2085
COCCN(CCOC)C(=O)COCC(=O)N(CCOC)CCOC,diglycolamide,0.470055,0.678724
Cc1cc(-c2cc(C)cc(-c3nnc4c(n3)C(C)(C)CCC4(C)C)n2)nc(-c2nnc3c(n2)C(C)(C)CCC3(C)C)c1,n_heterocyclic,-1.32819,-0.327228
Cc1cc(C)n(-c2cccc(-n3nc(C)cc3C)n2)n1,n_heterocyclic,-1.31203,-1.52675
Cc1cc(C)n(-c2cncc(-n3nc(C)cc3C)n2)n1,n_heterocyclic,-1.35948,-1.25055
Cc1ccn(-c2cccc(-n3ccc(C)n3)n2)n1,n_heterocyclic,-0.991194,-1.19711
Cc1ccn(-c2cncc(-n3ccc(C)n3)n2)n1,n_heterocyclic,-0.810591,-1.01782
O=C(COCC(=O)N(c1ccccc1)c1ccccc1)N(c1ccccc1)c1ccccc1,diglycolamide,2.26446,0.838433
O=C(COCC(=O)N1CCCCC1)N1CCCCC1,diglycolamide,0.532644,0.52616
O=C(O)CN(CC(=O)O)C1CCCCC1N(CC(=O)O)CC(=O)O,aminopolycarboxylic_acid,-2.33269,3.79086
O=C(O)CN(CCO)CCN(CC(=O)O)CC(=O)O,aminopolycarboxylic_acid,-3.46025,5.62843
O=C(O)CSCC(=O)O,carboxylic_acid,1.36103,0.983933
O=C(c1cc(Cl)c2ccc3c(Cl)cc(C(=O)N4CCCC4)nc3c2n1)N1CCCC1,pyridine_carboxamide,0.59792,-0.69036
O=C(c1cc(Cl)c2ccc3c(Cl)cc(C(=O)N4CCc5ccccc54)nc3c2n1)N1CCc2ccccc21,pyridine_carboxamide,0.536774,-0.491533
O=C(c1ccc2ccc3ccc(C(=O)N4CCCC4)nc3c2n1)N1CCCC1,pyridine_carboxamide,0.724527,-0.448808
O=C(c1cccc(C(=O)N2CCCC2)n1)N1CCCC1,pyridine_carboxamide,0.732419,-0.952521
O=C(c1ccccc1)c1ccc2ccccc2n1,n_heterocyclic,-0.643194,-1.14973
O=P(c1ccccc1)(c1ccccc1)c1ccc2ccc3ccc(P(=O)(c4ccccc4)c4ccccc4)nc3c2n1,phosphine_oxide,1.92048,4.31467
O=c1c(O)c(-c2ccc(O)c(O)c2)oc2cc(O)cc(O)c12,hydroxyketone_catechol,-9.07682,13.3929
S=P(COCP(=S)(c1ccccc1)c1ccccc1)(c1ccccc1)c1ccccc1,sulfur_donor_other,-0.172092,-0.824528
S=P(S)(c1ccccc1Cl)c1ccccc1Cl,dithiophosphinic_acid,-13.081,1.35666
c1cc(-n2cccn2)nc(-n2cccn2)c1,n_heterocyclic,-0.839665,-0.833858
c1cc2nc(c1)COc1ccccc1OCCOCCOc1ccccc1OC2,crown_ether_calixarene,-5.14597,-1.28909
c1ccc2c(c1)OCCOCCOc1ccccc1OCCOCCO2,crown_ether_calixarene,-4.804,-0.532211
