design,arm,macro_mae_extractant,macro_mae_extractant_seed_sd,macro_mae_chemotype,macro_mae_adjacent,macro_mae_far,macro_sign_acc_strong,macro_pair_spearman,pooled_mae,pooled_mae_adjacent,pooled_mae_far,pooled_sign_acc_strong,n_units_mae_all,n_units_adjacent,n_units_far,n_units_sign,n_seeds
B,PRECW_SHARP,0.4924420294649498,0.005720068369664493,0.5462877834041278,0.1896087783981612,0.6482473617816614,0.8095893155088486,0.5102939651074953,0.4958653586480284,0.16366235581561298,0.748781087038886,0.9089358546533185,90,83,88,86,5
B,G14,0.4932079570494346,0.010659810361846232,0.5478196385730973,0.1898140285832599,0.6502393412817644,0.8081496698831565,0.5062372365904857,0.4975640701507178,0.16385099716971985,0.7517962575010522,0.9054999382029415,90,83,88,86,5
B,RICH3,0.4943674050405992,0.00803979346134827,0.5472850940473094,0.1911944927464509,0.6571643695743096,0.8035846001998319,0.4868124760711975,0.49964212299120847,0.16507511246336903,0.753252693877794,0.9019157088122606,90,83,88,86,5
B,RICH8,0.502399514399871,0.009220951334955527,0.562737476153082,0.18898662843165268,0.6644814197503317,0.8057007692890522,0.5094306471157942,0.48998043652042184,0.16220267606126718,0.7400815899637371,0.9079965393647262,90,83,88,86,5
B,RICH10,0.5259402552326561,0.030871312901143685,0.5784480005777988,0.1911834844096021,0.701660555891628,0.7964787305916785,0.4862580777172303,0.4883692654591036,0.1638013938945141,0.733525814111226,0.9022864911630206,90,83,88,86,5
B,SE_A_LT_050,0.535086947978836,0.02361041279032453,0.585692024010377,0.19645150900259964,0.7189798612478213,0.6863698455555245,0.3879023249517365,0.5606119319402293,0.17225960310262853,0.8579406825894991,0.7431961438635521,90,83,88,86,5
B,SE_A_LT_040,0.5435607358107506,0.032637938148363646,0.5916137951632321,0.19780639754697993,0.7325775469615241,0.65706335923574,0.3518822843622065,0.5708614726861004,0.174078293186064,0.8745048090014529,0.7057965640835496,90,83,88,86,5
B,FLAT,0.5885062528901843,0.0,0.6092005776059211,0.20691787779638152,0.8071706996999868,0.0,,0.6499911278057761,0.18946933882956532,1.0118291621647848,0.0,90,83,88,86,5
BR,PRECW_SHARP,0.49019757088247184,0.014192379570939561,0.542671877825408,0.18844843647936316,0.6441269552847452,0.8130018433997799,0.5090421623487011,0.4897537185264839,0.1630286445957966,0.7374627263807572,0.9123470522803114,90,83,88,86,5
BR,RICH3,0.4903304833589891,0.005950864230850047,0.541214386066879,0.1892598549271953,0.6495840875230166,0.8129778687863555,0.4958070037295282,0.4940133291960101,0.16406649262666184,0.7438507529993881,0.9079965393647262,90,83,88,86,5
BR,G14,0.4905920517292001,0.014039710819326394,0.5434608395188645,0.18884160020533114,0.6457480237299666,0.8092998975051431,0.5025068226822679,0.4928720161505613,0.16338999353985065,0.7430150532971037,0.9053763440860215,90,83,88,86,5
BR,RICH8,0.5040419217453742,0.011063478245305717,0.5648341671584832,0.18831561525243243,0.6633123239273291,0.7985471512080295,0.5020491247754819,0.4854731031967909,0.16217951107917425,0.7305963723662657,0.9044123099740452,90,83,88,86,5
BR,SE_A_LT_050,0.5181674855232308,0.006033354420909215,0.580887645356808,0.19276556805169465,0.6915004688969695,0.7000988800628951,0.40521669457632425,0.5186060361633167,0.16612168722146797,0.785951359948587,0.8092695587690026,90,83,88,86,5
BR,SE_A_LT_040,0.5201294831356782,0.006830982328742163,0.5831372697803902,0.19289744302624937,0.6944207359032457,0.689239562814406,0.3948752348695022,0.5195207064506979,0.16617990366488586,0.787596844967744,0.8047460140897293,90,83,88,86,5
BR,RICH10,0.523419065551281,0.03541892257962774,0.5793617156928613,0.19022951580191025,0.6962821022393049,0.8013361467869288,0.4946786558968932,0.48179730881021043,0.16235360037032404,0.7224456926654564,0.9043628723272772,90,83,88,86,5
BR,FLAT,0.5885062528901843,0.0,0.6092005776059211,0.20691787779638152,0.8071706996999868,0.0,,0.6499911278057761,0.18946933882956532,1.0118291621647848,0.0,90,83,88,86,5
BQ,PRECW_SHARP,0.490187034507375,0.006970432307048649,0.5425132159091159,0.18860778110426582,0.6439321206051789,0.8146971557350706,0.517159825352572,0.49318379747687924,0.16315303942823445,0.7439090545141032,0.9153380299097763,90,83,88,86,5
BQ,G14,0.49054320488997477,0.009134233360714113,0.5432255566743154,0.18901203506946682,0.6462779108490173,0.8101769497198481,0.5078459215681232,0.4970622073752167,0.16352458119011853,0.750815562743633,0.9065628476084538,90,83,88,86,5
BQ,RICH3,0.49376284712397006,0.007074177035692735,0.5477126275760641,0.1903950488069492,0.6559841067191359,0.8078974364123885,0.48941939758581493,0.5013956583776634,0.1646730300769815,0.7568640814412709,0.9017673958719565,90,83,88,86,5
BQ,RICH8,0.49976606788398054,0.009702704836614322,0.5626238189241801,0.18829840953909863,0.6578914981151691,0.8100836311412026,0.5121126547155967,0.4848447988571697,0.16151106591473113,0.7307014334808647,0.9089605734767026,90,83,88,86,5
BQ,RICH10,0.5231971715750555,0.03438010575089969,0.572993209797671,0.18990931766153016,0.6960602321877947,0.8024485735029401,0.4974069180589523,0.4889529159597414,0.16351468368305808,0.7352194168586241,0.9082437275985663,90,83,88,86,5
BQ,SE_A_LT_050,0.5340808323996,0.02408620552173326,0.5841968579993029,0.19585661046110656,0.7166738250420341,0.6893163244852679,0.39136732364084503,0.5600993863075677,0.17210310309038002,0.8568451672394936,0.7405759485848473,90,83,88,86,5
BQ,SE_A_LT_040,0.545691544580481,0.036853679585186296,0.5907280132005236,0.19770722786855183,0.7355698091528848,0.6546604137894315,0.3485971859971434,0.5765321426777481,0.17497987122616504,0.8834757817353499,0.6924731182795699,90,83,88,86,5
BQ,FLAT,0.5885062528901843,0.0,0.6092005776059211,0.20691787779638152,0.8071706996999868,0.0,,0.6499911278057761,0.18946933882956532,1.0118291621647848,0.0,90,83,88,86,5
A,G14,0.49213393784744824,0.010436668747165393,0.5444543521521373,0.1884761577560658,0.6451991179908991,0.8084723143535989,0.5111303834901167,0.4937334554735816,0.1635088768451623,0.7453321878071688,0.9130638981584477,90,83,88,86,5
A,PRECW_SHARP,0.49213393784744824,0.010436668747165393,0.5444543521521373,0.1884761577560658,0.6451991179908991,0.8084723143535989,0.5111303834901167,0.4937334554735816,0.1635088768451623,0.7453321878071688,0.9130638981584477,90,83,88,86,5
A,RICH3,0.49663814126342576,0.014149039511487056,0.5495799622976909,0.1901822739130797,0.6569924172396717,0.796580758835548,0.48614141564835495,0.49853731427113723,0.16446265660211204,0.7529285870945555,0.9076257570139661,90,83,88,86,5
A,RICH8,0.5010539404789239,0.010400452887692153,0.5605801283948982,0.1884940093527779,0.6593811240115901,0.804949794364096,0.5032234968352017,0.4860777390846357,0.16273483286144638,0.7317698793092172,0.9120504263997034,90,83,88,86,5
A,RICH10,0.5211995821367645,0.011647383825182446,0.5818743337638175,0.19026862102241096,0.6898830128069176,0.7943810694242498,0.48436592469787243,0.47603254211763335,0.16271684424855468,0.7123132609914902,0.9091336052403906,90,83,88,86,5
A,SE_A_LT_050,0.5645282114003478,0.00334615450330865,0.5971047712304898,0.2006739778796694,0.7667346147613479,0.6424297559283997,0.33397907979070607,0.6176886889287787,0.1807687475801754,0.955127720688996,0.6489927079471017,90,83,88,86,5
A,SE_A_LT_040,0.5721350180734893,0.0024417961139824923,0.6014487077499758,0.20189224890647,0.779296001327922,0.613017590857762,0.30289752532898956,0.6254426610741427,0.1822195590602566,0.9673415061977167,0.614658262266716,90,83,88,86,5
A,FLAT,0.5885062528901843,0.0,0.6092005776059211,0.20691787779638152,0.8071706996999868,0.0,,0.6499911278057761,0.18946933882956532,1.0118291621647846,0.0,90,83,88,86,5
BP,RICH3,0.4958852528442457,0.011964483337416613,0.5453415965740994,0.18999811586062482,0.6543438686564189,0.8171288381191838,0.5029262922883361,0.5094326480337602,0.16549873272324211,0.7708429626000102,0.9018909899888765,90,83,88,86,5
BP,G14,0.5000794414203691,0.01579982613981003,0.5491389793670566,0.19012718046266608,0.6587344933567273,0.8122458223013377,0.5037694544333655,0.5106278431235807,0.16563653089157898,0.7734534206797732,0.9026819923371647,90,83,88,86,5
BP,PRECW_SHARP,0.5076545434274772,0.02681626007803866,0.5537341462479457,0.19087091464403522,0.6691927847965164,0.8009093489424917,0.49024288264341614,0.5137091131845526,0.16603349904427256,0.7789692024133691,0.8992213570634038,90,83,88,86,5
BP,RICH8,0.5098501209024376,0.01906513420345104,0.5696042258909542,0.18936780234908546,0.6708627306442416,0.8092775687507918,0.5114521368486461,0.5033710803835221,0.16361236495802053,0.7624776896836946,0.907205537016438,90,83,88,86,5
BP,SE_A_LT_050,0.5272339762629865,0.006487970922234303,0.5879675551005935,0.1949482163008268,0.7043774037349931,0.6995185107366563,0.4036095690082175,0.5357133644335961,0.16829712127501345,0.8148802853136953,0.803584229390681,90,83,88,86,5
BP,SE_A_LT_040,0.5291133391813831,0.00757410388311415,0.5906695464782894,0.1951055897186962,0.7069405093478608,0.687486973723126,0.39080574536898083,0.536062300694174,0.16829710050479937,0.8155302164180815,0.8000988752935361,90,83,88,86,5
BP,RICH10,0.5757798975574461,0.07383809087639671,0.6091052544564883,0.19987276743777907,0.7772945905611912,0.7432045441525746,0.4071825394442669,0.5733450353105354,0.17715779436897452,0.8760994837578283,0.8030898529230008,90,83,88,86,5
BP,FLAT,0.5885062528901843,0.0,0.6092005776059211,0.20691787779638152,0.8071706996999868,0.0,,0.6499911278057761,0.18946933882956532,1.0118291621647848,0.0,90,83,88,86,5
