axis,metric,comparison,point,ci95_low,ci95_high,bca_low,bca_high,block_macro,n_units,units_improved,seeds_positive,n_seeds
extractant,shape_mae,GEN10_REC_HYBRID_vs_GEN9_SHAPE_RECOMPOSED,0.0753439909246398,0.0424192724253462,0.0854306700803973,0.0522522572148524,0.0895915554559981,0.0497021316001319,155,115,5,5
extractant,shape_mae,GEN10_REC_HYBRID_vs_REC_ecfp_plus_recovered,0.2709647729163101,0.1679475492410213,0.2811721738519486,0.203508666353403,0.3033314295140022,0.2013535370801326,155,132,5,5
extractant,shape_mae,GEN10_REC_HYBRID_vs_GEN9_A0_ROW_ONLY,0.2724128024340931,0.1585484962590947,0.2793127474081113,0.2008476970251246,0.2873836629721742,0.1898516704940153,155,137,5,5
extractant,shape_mae,GEN10_REC_ALL_vs_GEN9_SHAPE_RECOMPOSED,0.0860108745565251,0.050108563445599,0.1026153547138348,0.0603735037654551,0.1071395988138294,0.0593671492721485,155,113,5,5
extractant,shape_mae,GEN10_REC_ALL_vs_REC_ecfp_plus_recovered,0.2816316565481954,0.1760970633677937,0.2981511804903146,0.2090137842978173,0.3249010873758293,0.2110185547521492,155,126,5,5
extractant,shape_mae,GEN10_REC_ALL_vs_GEN9_A0_ROW_ONLY,0.2830796860659784,0.1665509529737887,0.2905678135820264,0.2085734000862755,0.3076106550620054,0.1995166881660319,155,131,5,5
extractant,shape_mae,GEN10_REC_RANK_vs_GEN9_SHAPE_RECOMPOSED,0.0629126716233685,0.0311046081506571,0.074629140707335,0.0367143468543007,0.0762789324579016,0.036944873407839,155,114,5,5
extractant,shape_mae,GEN10_REC_RANK_vs_REC_ecfp_plus_recovered,0.2585334536150389,0.1562181390398309,0.2688795670083241,0.1913254685629796,0.2899464646882391,0.1885962788878397,155,133,5,5
extractant,shape_mae,GEN10_REC_RANK_vs_GEN9_A0_ROW_ONLY,0.2599814831328218,0.14711056935018,0.2665686472044987,0.1883074757377881,0.2755433412845895,0.1770944123017223,155,138,5,5
extractant,shape_mae,GEN10_REC_GEN9_PLUS_vs_GEN9_SHAPE_RECOMPOSED,0.0132408374901761,0.010011458827455,0.0164362394004592,0.0098904356290762,0.0163772488182883,0.0120500782647642,155,125,5,5
extractant,shape_mae,GEN10_REC_GEN9_PLUS_vs_REC_ecfp_plus_recovered,0.2088616194818464,0.1325793456034174,0.2151304901919631,0.1583353085065233,0.2324720435144772,0.1637014837447649,155,141,5,5
extractant,shape_mae,GEN10_REC_GEN9_PLUS_vs_GEN9_A0_ROW_ONLY,0.2103096489996293,0.1201304991104249,0.2159658492685979,0.151938371361006,0.2224100728288865,0.1521996171586476,155,144,5,5
extractant,shape_mae,GEN10_LEVEL_SHAPE_vs_GEN9_SHAPE_RECOMPOSED,-0.0073294575120213,-0.0207737723175493,-0.0026812544556113,-0.0186873664320507,0.006991919380154,-0.0047578116109748,155,58,2,5
extractant,shape_mae,GEN10_LEVEL_SHAPE_vs_REC_ecfp_plus_recovered,0.1882913244796488,0.1121880818767731,0.1939586478063442,0.1375774353556395,0.2112861668214213,0.1468935938690258,155,140,5,5
extractant,shape_mae,GEN10_LEVEL_SHAPE_vs_GEN9_A0_ROW_ONLY,0.1897393539974319,0.1009118751784803,0.1960936822123684,0.1282773190340485,0.2007818839193076,0.1353917272829085,155,143,5,5
extractant,slope_abs_error,GEN10_REC_HYBRID_vs_GEN9_SHAPE_RECOMPOSED,0.2806567129738171,0.1913730450267,0.3189268140801494,0.207412348419609,0.3262132438581069,0.2134288263209295,155,126,5,5
extractant,slope_abs_error,GEN10_REC_HYBRID_vs_REC_ecfp_plus_recovered,1.2032501945271803,0.7151480749079269,1.2335928391157285,0.8711090752340211,1.2428283594316252,0.8899704746199515,155,144,5,5
extractant,slope_abs_error,GEN10_REC_HYBRID_vs_GEN9_A0_ROW_ONLY,1.214288728735015,0.6776491185215415,1.2495420354355806,0.8392759499717637,1.2570533094635985,0.8595624574827523,155,145,5,5
extractant,slope_abs_error,GEN10_REC_ALL_vs_GEN9_SHAPE_RECOMPOSED,0.316777087084802,0.2300314931565602,0.4006717962320387,0.162654106990505,0.3876189091006096,0.2526803181032306,155,127,5,5
extractant,slope_abs_error,GEN10_REC_ALL_vs_REC_ecfp_plus_recovered,1.239370568638165,0.7444253418617441,1.2681392140808938,0.9246141433892172,1.287178427088215,0.9292219664022524,155,142,5,5
extractant,slope_abs_error,GEN10_REC_ALL_vs_GEN9_A0_ROW_ONLY,1.2504091028459998,0.7095695103506584,1.282897519784364,0.8921511506911318,1.2935891503104855,0.8988139492650533,155,144,5,5
extractant,slope_abs_error,GEN10_REC_RANK_vs_GEN9_SHAPE_RECOMPOSED,0.245911617661159,0.1798034990700651,0.3035004329681128,0.1351546343523452,0.2945373160617984,0.2100107551952403,155,125,5,5
extractant,slope_abs_error,GEN10_REC_RANK_vs_REC_ecfp_plus_recovered,1.1685050992145225,0.6891606518826127,1.197622043199272,0.8548973845204993,1.2122685519781735,0.8865524034942623,155,145,5,5
extractant,slope_abs_error,GEN10_REC_RANK_vs_GEN9_A0_ROW_ONLY,1.1795436334223568,0.650864159037351,1.2131666109049009,0.8198866428764628,1.2221335270665563,0.8561443863570632,155,146,5,5
extractant,slope_abs_error,GEN10_REC_GEN9_PLUS_vs_GEN9_SHAPE_RECOMPOSED,0.0515324432487464,0.035618246002243,0.076153894166536,0.0271279377252359,0.0726294237949168,0.0417755882040938,155,128,5,5
extractant,slope_abs_error,GEN10_REC_GEN9_PLUS_vs_REC_ecfp_plus_recovered,0.9741259248021096,0.5497331551787393,1.0020285802396856,0.6776927863099116,1.0090503025229085,0.7183172365031156,155,145,5,5
extractant,slope_abs_error,GEN10_REC_GEN9_PLUS_vs_GEN9_A0_ROW_ONLY,0.9851644590099444,0.5123117839183375,1.0180217606678086,0.6297723444411918,1.0237541807318686,0.6879092193659164,155,146,5,5
extractant,slope_abs_error,GEN10_LEVEL_SHAPE_vs_GEN9_SHAPE_RECOMPOSED,-0.015759390508909,-0.0537347801908948,-0.0057878378510441,-0.047902809093953,0.0226732993985137,-0.009493508509343,155,56,2,5
extractant,slope_abs_error,GEN10_LEVEL_SHAPE_vs_REC_ecfp_plus_recovered,0.9068340910444542,0.486840168898555,0.9385009404189943,0.5971355037573348,0.9493000661616876,0.6670481397896788,155,140,5,5
extractant,slope_abs_error,GEN10_LEVEL_SHAPE_vs_GEN9_A0_ROW_ONLY,0.9178726252522889,0.4465980148502046,0.9542889106489388,0.5454385949699937,0.9618302031389598,0.6366401226524796,155,142,5,5
extractant,span_recovery_distance,GEN10_REC_HYBRID_vs_GEN9_SHAPE_RECOMPOSED,0.0683975901365447,0.0622170135686505,0.1274878714521743,0.0613317439288947,0.1216676733391654,0.0961164013571304,155,127,5,5
extractant,span_recovery_distance,GEN10_REC_HYBRID_vs_REC_ecfp_plus_recovered,0.4460434271729653,0.3557211077219165,0.4929366751168677,0.3493890157044926,0.4889187232595857,0.430558092575895,155,151,5,5
extractant,span_recovery_distance,GEN10_REC_HYBRID_vs_GEN9_A0_ROW_ONLY,0.4532323927901978,0.3474487408217313,0.497191318618047,0.3672981859218066,0.5177869662721454,0.4317259089830764,155,152,5,5
extractant,span_recovery_distance,GEN10_REC_ALL_vs_GEN9_SHAPE_RECOMPOSED,0.0721191711803999,0.0618707747106853,0.165599109950649,0.0606266111441923,0.1605543942388111,0.1244255035822103,155,126,5,5
extractant,span_recovery_distance,GEN10_REC_ALL_vs_REC_ecfp_plus_recovered,0.4497650082168204,0.3846992290169781,0.5343730484303134,0.3137472227282675,0.5179455293526465,0.4588671948009749,155,147,5,5
extractant,span_recovery_distance,GEN10_REC_ALL_vs_GEN9_A0_ROW_ONLY,0.4569539738340531,0.3751327806715827,0.5381348563153633,0.3465401730033224,0.5256698698270088,0.4600350112081562,155,148,5,5
extractant,span_recovery_distance,GEN10_REC_RANK_vs_GEN9_SHAPE_RECOMPOSED,0.0548953172803986,0.0477182921747417,0.1199018894829995,0.036009295951037,0.1145406047158508,0.078327316404169,155,128,5,5
extractant,span_recovery_distance,GEN10_REC_RANK_vs_REC_ecfp_plus_recovered,0.4325411543168191,0.3370020801126981,0.4858003516428221,0.3111704965207406,0.4759300185764938,0.4127690076229335,155,150,5,5
extractant,span_recovery_distance,GEN10_REC_RANK_vs_GEN9_A0_ROW_ONLY,0.4397301199340517,0.3291564457144781,0.4901096793006901,0.3508881424830131,0.5084988367284119,0.413936824030115,155,151,5,5
extractant,span_recovery_distance,GEN10_REC_GEN9_PLUS_vs_GEN9_SHAPE_RECOMPOSED,0.0167467348267687,0.0147632270324953,0.0382983337531125,0.0144430216960212,0.0352096304132822,0.0294124386888814,155,133,5,5
extractant,span_recovery_distance,GEN10_REC_GEN9_PLUS_vs_REC_ecfp_plus_recovered,0.3943925718631892,0.2825651992087465,0.410497608523489,0.313712521122873,0.4380430114046885,0.363854129907646,155,153,5,5
extractant,span_recovery_distance,GEN10_REC_GEN9_PLUS_vs_GEN9_A0_ROW_ONLY,0.4015815374804218,0.2676212545339342,0.4172622821080067,0.2986917635985979,0.4540192532768365,0.3650219463148274,155,153,5,5
extractant,span_recovery_distance,GEN10_LEVEL_SHAPE_vs_GEN9_SHAPE_RECOMPOSED,0.0084505049724311,-0.0193328591856667,0.0100411537239612,-0.0098453096162456,0.011556727490805,-0.0130465925325736,155,81,4,5
extractant,span_recovery_distance,GEN10_LEVEL_SHAPE_vs_REC_ecfp_plus_recovered,0.3860963420088517,0.2430789501127692,0.3959059120030602,0.281036469188807,0.4077449641013472,0.3213950986861908,155,153,5,5
extractant,span_recovery_distance,GEN10_LEVEL_SHAPE_vs_GEN9_A0_ROW_ONLY,0.3932853076260842,0.2305778156238248,0.4053497660364778,0.2712347090655367,0.4245821516285352,0.3225629150933722,155,153,5,5
extractant,row_mae,GEN10_REC_HYBRID_vs_GEN9_SHAPE_RECOMPOSED,0.0460782377851904,0.0177291941352322,0.0476059516332092,0.0280811345525264,0.0479951910261389,0.0229346295411423,155,112,5,5
extractant,row_mae,GEN10_REC_HYBRID_vs_REC_ecfp_plus_recovered,0.1683655587034044,0.0807062124185939,0.1751478977320788,0.1147449244741905,0.1998831156925184,0.1279753179916156,155,125,5,5
extractant,row_mae,GEN10_REC_HYBRID_vs_GEN9_A0_ROW_ONLY,0.1892784303083045,0.0909933340225394,0.1984504547793624,0.1258731350955999,0.2176309482588597,0.1362651165446567,155,129,5,5
extractant,row_mae,GEN10_REC_ALL_vs_GEN9_SHAPE_RECOMPOSED,0.0572502783090377,0.0233947938863356,0.0591179181512883,0.035740277620873,0.0595413969629188,0.032632341247487,155,110,5,5
extractant,row_mae,GEN10_REC_ALL_vs_REC_ecfp_plus_recovered,0.1795375992272516,0.0861584391963832,0.1867959783652553,0.1218861908897005,0.2123407550676865,0.1376730296979603,155,124,5,5
extractant,row_mae,GEN10_REC_ALL_vs_GEN9_A0_ROW_ONLY,0.2004504708321517,0.0970179481468692,0.2094928956388187,0.1345046895159831,0.2299218303167446,0.1459628282510014,155,128,5,5
extractant,row_mae,GEN10_REC_RANK_vs_GEN9_SHAPE_RECOMPOSED,0.0398104906256994,0.0157635522839002,0.0411672122734761,0.024340497269496,0.0429180731671118,0.0208172340830547,155,114,5,5
extractant,row_mae,GEN10_REC_RANK_vs_REC_ecfp_plus_recovered,0.1620978115439133,0.0787788662195601,0.1692420430078739,0.1092554638298048,0.197069860693922,0.1258579225335279,155,124,5,5
extractant,row_mae,GEN10_REC_RANK_vs_GEN9_A0_ROW_ONLY,0.1830106831488134,0.0881246657186797,0.1941119570329782,0.1207114497890198,0.2133931982365498,0.134147721086569,155,130,5,5
extractant,row_mae,GEN10_REC_GEN9_PLUS_vs_GEN9_SHAPE_RECOMPOSED,0.006356974026387,0.0033044933737492,0.009104867285105,0.0038413748630836,0.0097147463236153,0.004791207341117,155,103,5,5
extractant,row_mae,GEN10_REC_GEN9_PLUS_vs_REC_ecfp_plus_recovered,0.1286442949446009,0.0666886999312608,0.1366206370106964,0.0885189325953511,0.1686449739217255,0.1098318957915902,155,124,5,5
extractant,row_mae,GEN10_REC_GEN9_PLUS_vs_GEN9_A0_ROW_ONLY,0.149557166549501,0.077285716013253,0.1641917931865208,0.1008713440315871,0.1811596956156743,0.1181216943446313,155,132,5,5
extractant,row_mae,GEN10_LEVEL_SHAPE_vs_GEN9_SHAPE_RECOMPOSED,-0.0534269690456753,-0.1607459926172779,0.046471495495433,-0.1469093811006933,0.0748098785087016,-0.0237207378633013,155,69,1,5
extractant,row_mae,GEN10_LEVEL_SHAPE_vs_REC_ecfp_plus_recovered,0.0688603518725386,-0.060466309006771,0.1371594657236262,-0.0392232663965881,0.1793872273264371,0.0813199505871718,155,98,5,5
extractant,row_mae,GEN10_LEVEL_SHAPE_vs_GEN9_A0_ROW_ONLY,0.0897732234774387,-0.0428318377031631,0.164709426750638,-0.0175736919917443,0.1986044638760723,0.0896097491402129,155,103,5,5
extractant,spearman,GEN10_REC_HYBRID_vs_GEN9_SHAPE_RECOMPOSED,-0.0001055705761504,-0.0067922158157698,0.0884039522993225,-0.0166023201856972,0.0623024395935955,0.0532099071569715,155,37,2,5
extractant,spearman,GEN10_REC_HYBRID_vs_REC_ecfp_plus_recovered,0.3031515054353134,0.1734088080720265,0.5275078032210911,0.179543133687491,0.5510381102349083,0.4480977924747298,155,122,5,5
extractant,spearman,GEN10_REC_HYBRID_vs_GEN9_A0_ROW_ONLY,0.1938704429982601,0.0637971633584592,0.4365049710481736,0.0457233213385059,0.4044854319570888,0.2635711285303427,155,125,5,5
extractant,spearman,GEN10_REC_ALL_vs_GEN9_SHAPE_RECOMPOSED,-0.0026658919751815,-0.0172280037141792,0.057933477638324,-0.0202083087470986,0.0461035599614239,0.0242527778665089,155,37,2,5
extractant,spearman,GEN10_REC_ALL_vs_REC_ecfp_plus_recovered,0.3005911840362824,0.1659817108815729,0.5030406757063789,0.1631811129033754,0.501378871929323,0.4191406631842672,155,122,5,5
extractant,spearman,GEN10_REC_ALL_vs_GEN9_A0_ROW_ONLY,0.1913101215992291,0.0492678571428571,0.4106634835266682,0.0551314372706997,0.4213747520995876,0.2346139992398801,155,125,5,5
extractant,spearman,GEN10_REC_RANK_vs_GEN9_SHAPE_RECOMPOSED,-0.0029247513953312,-0.013011101391013,0.0309167913164315,-0.0168478688739766,0.0221716285439372,0.0215538462866249,155,37,1,5
extractant,spearman,GEN10_REC_RANK_vs_REC_ecfp_plus_recovered,0.3003323246161327,0.1663842097553743,0.477381101149965,0.1760559206852228,0.5082436364046213,0.4164417316043832,155,121,5,5
extractant,spearman,GEN10_REC_RANK_vs_GEN9_A0_ROW_ONLY,0.1910512621790793,0.0592741006827436,0.3827392657853484,0.0674180841707549,0.4012461226412511,0.2319150676599961,155,123,5,5
extractant,spearman,GEN10_REC_GEN9_PLUS_vs_GEN9_SHAPE_RECOMPOSED,0.0054905120241533,-0.0120091360048257,0.0355042538546809,-0.0106177791015664,0.0415188221053918,0.0188973702319354,155,37,4,5
extractant,spearman,GEN10_REC_GEN9_PLUS_vs_REC_ecfp_plus_recovered,0.3087475880356173,0.1659227070048502,0.4868798290881134,0.1817916643854975,0.5575797227779901,0.4137852555496937,155,129,5,5
extractant,spearman,GEN10_REC_GEN9_PLUS_vs_GEN9_A0_ROW_ONLY,0.1994665255985639,0.0520415065603255,0.3888892489439392,0.0799302620180852,0.4728370678818185,0.2292585916053066,155,130,5,5
extractant,spearman,GEN10_LEVEL_SHAPE_vs_GEN9_SHAPE_RECOMPOSED,-0.028635516252232,-0.0431478924241185,0.0497384015584919,-0.0541650164183885,0.0303357314774408,0.0167390823400705,155,30,0,5
extractant,spearman,GEN10_LEVEL_SHAPE_vs_REC_ecfp_plus_recovered,0.2746215597592319,0.1430108056073839,0.4925789848339482,0.1415249567818805,0.4901125331671399,0.4116269676578288,155,115,5,5
extractant,spearman,GEN10_LEVEL_SHAPE_vs_GEN9_A0_ROW_ONLY,0.1653404973221786,0.039403890634953,0.3980341237661002,0.0374451052901949,0.3907369705552225,0.2271003037134417,155,116,5,5
acid,shape_mae,GEN10_REC_HYBRID_vs_GEN9_SHAPE_RECOMPOSED,0.0344571431774248,-0.0065885399845189,0.0471477821761007,-0.0034447687473184,0.0496774386893444,-0.0036158533919618,421,259,5,5
acid,shape_mae,GEN10_REC_HYBRID_vs_REC_ecfp_plus_recovered,0.0781587828466517,-0.0034286646025607,0.1026239442013909,0.0049955359845376,0.1075741654189128,-0.0034182702482883,421,280,5,5
acid,shape_mae,GEN10_REC_HYBRID_vs_GEN9_A0_ROW_ONLY,0.0850906674045473,-0.0059854654816092,0.1099737759474181,0.0069196928388713,0.115227071901527,-0.0115175254744678,421,287,5,5
acid,shape_mae,GEN10_REC_ALL_vs_GEN9_SHAPE_RECOMPOSED,0.0409981678913221,-0.0061158484166886,0.05583169427757,-0.0029092550950237,0.0587846869052927,-0.0032657992712857,421,254,5,5
acid,shape_mae,GEN10_REC_ALL_vs_REC_ecfp_plus_recovered,0.084699807560549,-0.0028444861543865,0.1112025205670868,0.0057314951248397,0.1166179603735361,-0.0030682161276122,421,283,5,5
acid,shape_mae,GEN10_REC_ALL_vs_GEN9_A0_ROW_ONLY,0.0916316921184446,-0.0053921116744824,0.1186810157746899,0.0072910829415338,0.1243751321951214,-0.0111674713537917,421,287,5,5
acid,shape_mae,GEN10_REC_RANK_vs_GEN9_SHAPE_RECOMPOSED,0.0302596389598685,-0.0072349853948533,0.0416202409005459,-0.0038630396933315,0.0438080042033226,-0.0051393371024097,421,254,5,5
acid,shape_mae,GEN10_REC_RANK_vs_REC_ecfp_plus_recovered,0.0739612786290954,-0.0032939805532301,0.0971048249328778,0.0046880156665399,0.1016026832492852,-0.0049417539587363,421,286,5,5
acid,shape_mae,GEN10_REC_RANK_vs_GEN9_A0_ROW_ONLY,0.080893163186991,-0.0060026199692369,0.1044164171500403,0.0064235755384518,0.1092960442141334,-0.0130410091849157,421,294,5,5
acid,shape_mae,GEN10_REC_GEN9_PLUS_vs_GEN9_SHAPE_RECOMPOSED,0.0049585128934282,-0.0014438893825245,0.006680393360268,-0.0003896314595729,0.00711436796462,0.0006204403411789,421,266,5,5
acid,shape_mae,GEN10_REC_GEN9_PLUS_vs_REC_ecfp_plus_recovered,0.0486601525626551,-0.0003278638852797,0.0624591068114692,0.0073292155575573,0.0660922548212922,0.0008180234848524,421,279,5,5
acid,shape_mae,GEN10_REC_GEN9_PLUS_vs_GEN9_A0_ROW_ONLY,0.0555920371205507,-0.0008915190119647,0.0696446029066579,0.0095610381593576,0.073255548880199,-0.007281231741327,421,294,5,5
acid,shape_mae,GEN10_LEVEL_SHAPE_vs_GEN9_SHAPE_RECOMPOSED,-0.0028591161427308,-0.0199574413441899,0.0629841095754204,-0.0214559814025463,0.0595630293742811,0.0004009487637925,421,178,1,5
acid,shape_mae,GEN10_LEVEL_SHAPE_vs_REC_ecfp_plus_recovered,0.040842523526496,-0.0088227828567495,0.077394916473693,0.0004777550070439,0.0870877814239385,0.000598531907466,421,258,5,5
acid,shape_mae,GEN10_LEVEL_SHAPE_vs_GEN9_A0_ROW_ONLY,0.0477744080843916,-0.0171051376283597,0.0894869687967466,-0.0071281249800106,0.1061094693825321,-0.0075007233187134,421,256,5,5
acid,slope_abs_error,GEN10_REC_HYBRID_vs_GEN9_SHAPE_RECOMPOSED,0.1026604990101662,-0.0124243030584225,0.1391135365659017,-0.0055024717236224,0.146226985130954,-0.0008311311595844,421,272,5,5
acid,slope_abs_error,GEN10_REC_HYBRID_vs_REC_ecfp_plus_recovered,0.289783639330554,0.000821101224544,0.3776202380990547,0.0269742450874731,0.3935917385455717,0.0173400817317983,421,288,5,5
acid,slope_abs_error,GEN10_REC_HYBRID_vs_GEN9_A0_ROW_ONLY,0.2967255959209102,-0.0176286208478563,0.3843417185962117,0.0224944800483359,0.4004365211254793,-0.0095518579490304,421,292,5,5
acid,slope_abs_error,GEN10_REC_ALL_vs_GEN9_SHAPE_RECOMPOSED,0.1265673455516708,-0.0162037673983808,0.1714105384513646,-0.0071815047527581,0.1799723901162148,-0.0033666435478826,421,272,5,5
acid,slope_abs_error,GEN10_REC_ALL_vs_REC_ecfp_plus_recovered,0.3136904858720586,-0.0013472156788396,0.4098235351346964,0.0261909256788182,0.4276382752827688,0.0148045693435001,421,290,5,5
acid,slope_abs_error,GEN10_REC_ALL_vs_GEN9_A0_ROW_ONLY,0.3206324424624149,-0.019623659951038,0.4165845465733636,0.0218021768060431,0.434400333581937,-0.0120873703373286,421,296,5,5
acid,slope_abs_error,GEN10_REC_RANK_vs_GEN9_SHAPE_RECOMPOSED,0.0938123681316355,-0.0118771117219442,0.1274129913317433,-0.0055092736210771,0.1341475844943548,-0.0026475698353573,421,279,5,5
acid,slope_abs_error,GEN10_REC_RANK_vs_REC_ecfp_plus_recovered,0.2809355084520233,0.0011018056201697,0.3658584169585216,0.0268272269664983,0.3814335784638893,0.0155236430560254,421,293,5,5
acid,slope_abs_error,GEN10_REC_RANK_vs_GEN9_A0_ROW_ONLY,0.2878774650423795,-0.0161356607566644,0.3727317783561036,0.0223932820005898,0.3882251265025762,-0.0113682966248033,421,296,5,5
acid,slope_abs_error,GEN10_REC_GEN9_PLUS_vs_GEN9_SHAPE_RECOMPOSED,0.0149768286923679,-0.004827020294442,0.0205050766260241,-0.002316296087831,0.0216351857889559,-0.0013870907532625,421,266,5,5
acid,slope_abs_error,GEN10_REC_GEN9_PLUS_vs_REC_ecfp_plus_recovered,0.2020999690127557,0.0037206356215353,0.2595052903862134,0.027881220391004,0.2717145333235483,0.0167841221381202,421,289,5,5
acid,slope_abs_error,GEN10_REC_GEN9_PLUS_vs_GEN9_A0_ROW_ONLY,0.2090419256031118,-0.0093145778497028,0.265911007280573,0.025665296751909,0.2772390711931008,-0.0101078175427085,421,290,5,5
acid,slope_abs_error,GEN10_LEVEL_SHAPE_vs_GEN9_SHAPE_RECOMPOSED,-0.0415255680781341,-0.1000694424418045,0.1836433369377967,-0.1134045172137954,0.1485842070492354,-0.0056885741142843,421,161,0,5
acid,slope_abs_error,GEN10_LEVEL_SHAPE_vs_REC_ecfp_plus_recovered,0.1455975722422536,-0.0512239795286412,0.2361256123094953,-0.0255544721540886,0.2577781137736815,0.0124826387770984,421,257,5,5
acid,slope_abs_error,GEN10_LEVEL_SHAPE_vs_GEN9_A0_ROW_ONLY,0.1525395288326098,-0.086479086206677,0.2625828994464255,-0.0519006867407974,0.3109783655542487,-0.0144093009037303,421,254,5,5
acid,span_recovery_distance,GEN10_REC_HYBRID_vs_GEN9_SHAPE_RECOMPOSED,0.0193597898696934,-0.0046441024294719,0.0265337834479846,-0.0010309647021971,0.0300277616578778,0.0143688153720733,416,280,5,5
acid,span_recovery_distance,GEN10_REC_HYBRID_vs_REC_ecfp_plus_recovered,0.0809372596713471,0.039415634512063,0.1487717355600116,0.0316123553561308,0.1251117620770042,0.1095541720435968,416,298,5,5
acid,span_recovery_distance,GEN10_REC_HYBRID_vs_GEN9_A0_ROW_ONLY,0.0746245011249943,0.0095331993372364,0.125853583544069,0.014742102207166,0.1466439787594793,0.0839894963229722,416,293,5,5
acid,span_recovery_distance,GEN10_REC_ALL_vs_GEN9_SHAPE_RECOMPOSED,0.0219621295066141,-0.0018363836529795,0.0294953565515957,0.0017328122582964,0.0385488344847508,0.0186653757203261,416,273,5,5
acid,span_recovery_distance,GEN10_REC_ALL_vs_REC_ecfp_plus_recovered,0.0835395993082678,0.0422920585571174,0.1560337555393434,0.0343448846707534,0.1326330004575477,0.1138507323918495,416,299,5,5
acid,span_recovery_distance,GEN10_REC_ALL_vs_GEN9_A0_ROW_ONLY,0.077226840761915,0.0127021934035199,0.1334637711211967,0.0167764228786552,0.1494369833287375,0.0882860566712249,416,289,5,5
acid,span_recovery_distance,GEN10_REC_RANK_vs_GEN9_SHAPE_RECOMPOSED,0.0242297096233247,-0.0026229369950125,0.0321913276355347,0.0004380867530967,0.0342105260165353,0.0129003579174397,416,287,5,5
acid,span_recovery_distance,GEN10_REC_RANK_vs_REC_ecfp_plus_recovered,0.0858071794249784,0.0425653189385751,0.1479633003984332,0.0369499339731713,0.1328723819038329,0.1080857145889632,416,303,5,5
acid,span_recovery_distance,GEN10_REC_RANK_vs_GEN9_A0_ROW_ONLY,0.0794944208786256,0.0133740827526381,0.1226206823462668,0.0194780896327681,0.1498271454011376,0.0825210388683385,416,296,5,5
acid,span_recovery_distance,GEN10_REC_GEN9_PLUS_vs_GEN9_SHAPE_RECOMPOSED,0.0014458213103913,-0.0009867428247829,0.0056341721586568,-0.0015650911463176,0.0050361885707975,0.0045550301663838,416,285,2,5
acid,span_recovery_distance,GEN10_REC_GEN9_PLUS_vs_REC_ecfp_plus_recovered,0.0630232911120451,0.04145588716827,0.1429195441848401,0.032169574360324,0.1147669913813046,0.0997403868379073,416,293,5,5
acid,span_recovery_distance,GEN10_REC_GEN9_PLUS_vs_GEN9_A0_ROW_ONLY,0.0567105325656923,0.0125867753554886,0.1166041741694553,0.0083031885297075,0.1004237898277803,0.0741757111172827,416,288,4,5
acid,span_recovery_distance,GEN10_LEVEL_SHAPE_vs_GEN9_SHAPE_RECOMPOSED,-0.0440355548922226,-0.1111812159137488,-0.0006518694905374,-0.1097636942823439,0.0009052372117441,-0.0183959896241397,416,118,0,5
acid,span_recovery_distance,GEN10_LEVEL_SHAPE_vs_REC_ecfp_plus_recovered,0.017541914909431,-0.0606098083478145,0.1343255556410399,-0.0833278056105888,0.0829936847627978,0.0767893670473837,416,236,4,5
acid,span_recovery_distance,GEN10_LEVEL_SHAPE_vs_GEN9_A0_ROW_ONLY,0.0112291563630782,-0.0939610995043475,0.109638708389754,-0.0956381165999884,0.1051066288758068,0.0512246913267591,416,234,4,5
acid,row_mae,GEN10_REC_HYBRID_vs_GEN9_SHAPE_RECOMPOSED,0.0134580419639319,-0.003459815787014,0.0184418324796083,-0.0016154498359205,0.019487647526242,-0.0006073679368788,421,235,5,5
acid,row_mae,GEN10_REC_HYBRID_vs_REC_ecfp_plus_recovered,0.0436876746677754,8.24797074502105e-05,0.0562679759093363,0.0056911492809181,0.0600228377039577,0.0103587870859284,421,244,5,5
acid,row_mae,GEN10_REC_HYBRID_vs_GEN9_A0_ROW_ONLY,0.0669426487817025,0.0101224192653395,0.0796705287784364,0.0221337517633297,0.0826279113609697,0.0254984913649634,421,288,5,5
acid,row_mae,GEN10_REC_ALL_vs_GEN9_SHAPE_RECOMPOSED,0.0144532503000216,-0.0056523508775994,0.0202725026661639,-0.0032204410786053,0.0214139405179183,-0.0022733405095414,421,223,5,5
acid,row_mae,GEN10_REC_ALL_vs_REC_ecfp_plus_recovered,0.044682883003865,-0.0019575031504603,0.0581132347693092,0.0040213855899807,0.062010096720255,0.0086928145132659,421,245,5,5
acid,row_mae,GEN10_REC_ALL_vs_GEN9_A0_ROW_ONLY,0.0679378571177922,0.0081466436094711,0.081479068176303,0.0212499384024891,0.0844549535797098,0.0238325187923008,421,288,5,5
acid,row_mae,GEN10_REC_RANK_vs_GEN9_SHAPE_RECOMPOSED,0.0106269960137521,-0.0041459939241604,0.0148404403688111,-0.0022239202275639,0.0157786807429849,-0.0020263620007914,421,224,5,5
acid,row_mae,GEN10_REC_RANK_vs_REC_ecfp_plus_recovered,0.0408566287175955,-0.0003896990219941,0.0526399080205533,0.0052505338386501,0.0561785697157514,0.0089397930220158,421,237,5,5
acid,row_mae,GEN10_REC_RANK_vs_GEN9_A0_ROW_ONLY,0.0641116028315227,0.0102288248945709,0.0760620863050213,0.0215862405793207,0.0789151515728942,0.0240794973010507,421,291,5,5
acid,row_mae,GEN10_REC_GEN9_PLUS_vs_GEN9_SHAPE_RECOMPOSED,0.0021083244022904,-0.0015868925055432,0.0029437061350126,-0.0006767912207214,0.0036247870696279,4.8339366973107825e-05,421,219,5,5
acid,row_mae,GEN10_REC_GEN9_PLUS_vs_REC_ecfp_plus_recovered,0.0323379571061338,0.0010098661924078,0.0410747478495798,0.0065008128496591,0.0445656478615822,0.0110144943897804,421,245,5,5
acid,row_mae,GEN10_REC_GEN9_PLUS_vs_GEN9_A0_ROW_ONLY,0.055592931220061,0.0114433536825027,0.0648819003217195,0.0216416733362062,0.0681621260964575,0.0261541986688153,421,285,5,5
acid,row_mae,GEN10_LEVEL_SHAPE_vs_GEN9_SHAPE_RECOMPOSED,0.0177990766404507,-0.0739561702511986,0.0366351535652109,-0.0572155039594788,0.0404194108818664,-0.0163782696000885,421,231,5,5
acid,row_mae,GEN10_LEVEL_SHAPE_vs_REC_ecfp_plus_recovered,0.0480287093442941,-0.0635056144715093,0.0734299788740204,-0.0434826216701267,0.0783756617697119,-0.0054121145772811,421,241,5,5
acid,row_mae,GEN10_LEVEL_SHAPE_vs_GEN9_A0_ROW_ONLY,0.0712836834582213,-0.0562018408845163,0.0976834692366337,-0.0337492654329564,0.102899161958643,0.0097275897017537,421,274,5,5
acid,spearman,GEN10_REC_HYBRID_vs_GEN9_SHAPE_RECOMPOSED,0.0036774483093643,-0.0084716344474263,0.0197747700464505,-0.0060535449166995,0.0262427803799323,-0.0067357691578532,416,146,4,5
acid,spearman,GEN10_REC_HYBRID_vs_REC_ecfp_plus_recovered,-0.0209737243297189,-0.0667692582784163,-0.0011415565100188,-0.0536470580471335,0.0102036107573193,-0.0708906904288506,416,120,0,5
acid,spearman,GEN10_REC_HYBRID_vs_GEN9_A0_ROW_ONLY,-0.0220265657585602,-0.1033803273459111,-0.0059075204175244,-0.0796203038228139,0.0070076982075958,-0.0820427803524325,416,116,1,5
acid,spearman,GEN10_REC_ALL_vs_GEN9_SHAPE_RECOMPOSED,0.0016137593592857,-0.0107438397770444,0.0177726835000414,-0.0072135400700347,0.0227176173263324,-0.0181904038987714,416,140,2,5
acid,spearman,GEN10_REC_ALL_vs_REC_ecfp_plus_recovered,-0.0230374132797975,-0.0694095556920905,-0.002629605417058,-0.0570419635498723,0.0075394137888122,-0.0823453251697688,416,120,0,5
acid,spearman,GEN10_REC_ALL_vs_GEN9_A0_ROW_ONLY,-0.0240902547086388,-0.1069551506264434,-0.008208152412544,-0.0823088156679823,0.0066312905924311,-0.0934974150933506,416,116,1,5
acid,spearman,GEN10_REC_RANK_vs_GEN9_SHAPE_RECOMPOSED,0.001999462348289,-0.0083632055514651,0.0172563872452308,-0.0080729091309753,0.0174316763684521,-0.006865901818054,416,144,3,5
acid,spearman,GEN10_REC_RANK_vs_REC_ecfp_plus_recovered,-0.0226517102907942,-0.0679584497437782,-0.0003840398578651,-0.0575327574668585,0.0068756186300005,-0.0710208230890514,416,117,0,5
acid,spearman,GEN10_REC_RANK_vs_GEN9_A0_ROW_ONLY,-0.0237045517196355,-0.1092290765894008,-0.0054179286067807,-0.0834951049721546,0.0113945648258678,-0.0821729130126333,416,120,1,5
acid,spearman,GEN10_REC_GEN9_PLUS_vs_GEN9_SHAPE_RECOMPOSED,0.0042462411731418,-0.0040047464629822,0.0134536563369366,-0.0017969885702379,0.0158213017125314,-0.00868224817301,416,137,4,5
acid,spearman,GEN10_REC_GEN9_PLUS_vs_REC_ecfp_plus_recovered,-0.0204049314659414,-0.0689434573122734,-0.000653523113101,-0.0550476611531755,0.0089381393689993,-0.0728371694440074,416,122,0,5
acid,spearman,GEN10_REC_GEN9_PLUS_vs_GEN9_A0_ROW_ONLY,-0.0214577728947827,-0.1095702898248782,-0.0039388564757941,-0.0833803431026864,0.0143308437731576,-0.0839892593675893,416,118,0,5
acid,spearman,GEN10_LEVEL_SHAPE_vs_GEN9_SHAPE_RECOMPOSED,-0.0287957380237728,-0.1074833340572307,0.3235367885756491,-0.1108987878099185,0.2954380718662132,-0.0016409732774638,416,141,0,5
acid,spearman,GEN10_LEVEL_SHAPE_vs_REC_ecfp_plus_recovered,-0.0534469106628561,-0.1530016787465312,0.2965205548688577,-0.1630364233358395,0.2740488076853773,-0.0657958945484612,416,142,0,5
acid,spearman,GEN10_LEVEL_SHAPE_vs_GEN9_A0_ROW_ONLY,-0.0544997520916974,-0.194375408946743,0.2934591326759725,-0.1998890708032797,0.2780494023293926,-0.0769479844720431,416,124,0,5
metal_series,shape_mae,GEN10_REC_HYBRID_vs_GEN9_SHAPE_RECOMPOSED,-0.0150357104524706,-0.0196560662983162,0.0007760020333078,-0.0208090548391285,-0.0021437968947751,0.0043433212639752,321,120,1,5
metal_series,shape_mae,GEN10_REC_HYBRID_vs_REC_ecfp_plus_recovered,-0.0085499966756909,-0.0205672519049188,0.0347851540352156,-0.0237739097359339,0.0249886331182664,0.0234677396572976,321,170,1,5
metal_series,shape_mae,GEN10_REC_HYBRID_vs_GEN9_A0_ROW_ONLY,-0.0084675486006304,-0.0194409623778858,0.0309183196069661,-0.0226282675114855,0.0219773295195961,0.0213868233687144,321,164,1,5
metal_series,shape_mae,GEN10_REC_ALL_vs_GEN9_SHAPE_RECOMPOSED,-0.026287195570411,-0.0340311123762062,-0.0006502710946923,-0.0360849754539037,-0.004936470929582,0.002795209964579,321,118,0,5
metal_series,shape_mae,GEN10_REC_ALL_vs_REC_ecfp_plus_recovered,-0.0198014817936312,-0.0345026796782463,0.0318245861295411,-0.0388094535412531,0.0215802812676591,0.0219196283579013,321,157,1,5
metal_series,shape_mae,GEN10_REC_ALL_vs_GEN9_A0_ROW_ONLY,-0.0197190337185707,-0.0331937575804513,0.0283683602513075,-0.0367342650335331,0.018372326300228,0.0198387120693181,321,159,1,5
metal_series,shape_mae,GEN10_REC_RANK_vs_GEN9_SHAPE_RECOMPOSED,-0.0151948864684667,-0.0203179254519912,0.0015585887347205,-0.0217184622312622,-0.0008378499425345,0.0031797536464183,321,122,1,5
metal_series,shape_mae,GEN10_REC_RANK_vs_REC_ecfp_plus_recovered,-0.008709172691687,-0.0209671301172895,0.0347833582949407,-0.0243629102975546,0.0257479254648024,0.0223041720397406,321,167,1,5
metal_series,shape_mae,GEN10_REC_RANK_vs_GEN9_A0_ROW_ONLY,-0.0086267246166265,-0.0197634288896131,0.0313304975967933,-0.0224715850970691,0.0227918126020444,0.0202232557511574,321,170,1,5
metal_series,shape_mae,GEN10_REC_GEN9_PLUS_vs_GEN9_SHAPE_RECOMPOSED,0.0041661579075146,0.0017923786256085,0.0064803187833521,0.0021215529797335,0.0068731614958056,0.0033184233387503,321,203,5,5
metal_series,shape_mae,GEN10_REC_GEN9_PLUS_vs_REC_ecfp_plus_recovered,0.0106518716842943,0.0009494381533766,0.042879903302682,-0.0050371223680605,0.0351965232754826,0.0224428417320726,321,181,5,5
metal_series,shape_mae,GEN10_REC_GEN9_PLUS_vs_GEN9_A0_ROW_ONLY,0.0107343197593548,0.0010907754092167,0.0397331262133177,-0.0051372324645854,0.0332473253894823,0.0203619254434894,321,178,5,5
metal_series,shape_mae,GEN10_LEVEL_SHAPE_vs_GEN9_SHAPE_RECOMPOSED,-0.0118412650465122,-0.0196465078134225,0.0013686645115386,-0.0262994665808163,3.024658261403158e-05,-0.0029454094349844,321,145,0,5
metal_series,shape_mae,GEN10_LEVEL_SHAPE_vs_REC_ecfp_plus_recovered,-0.0053555512697324,-0.0172698712008404,0.0342391097564761,-0.0226977564064792,0.0256725464828146,0.0161790089583378,321,172,0,5
metal_series,shape_mae,GEN10_LEVEL_SHAPE_vs_GEN9_A0_ROW_ONLY,-0.0052731031946719,-0.0157970343305713,0.0301316482343337,-0.0208956675127853,0.0219367135536004,0.0140980926697547,321,174,1,5
metal_series,slope_abs_error,GEN10_REC_HYBRID_vs_GEN9_SHAPE_RECOMPOSED,-0.0069278287304376,-0.0089861856062609,1.5614041637092232e-05,-0.0095524975044986,-0.0011387579065018,0.0009756667089568,321,132,0,5
metal_series,slope_abs_error,GEN10_REC_HYBRID_vs_REC_ecfp_plus_recovered,-0.0056844111874516,-0.0115820993487662,0.0152844284488627,-0.0135982447826683,0.0109506477658417,0.0058729911532111,321,171,1,5
metal_series,slope_abs_error,GEN10_REC_HYBRID_vs_GEN9_A0_ROW_ONLY,-0.0055667420297129,-0.0115469796466478,0.0154875913378964,-0.0133449663388004,0.0110827263705829,0.0055179069340206,321,174,1,5
metal_series,slope_abs_error,GEN10_REC_ALL_vs_GEN9_SHAPE_RECOMPOSED,-0.0131589231954148,-0.0170612952032536,-0.0007904678045827,-0.0180500482868631,-0.002464401575064,-0.0004174228954816,321,127,0,5
metal_series,slope_abs_error,GEN10_REC_ALL_vs_REC_ecfp_plus_recovered,-0.0119155056524288,-0.0193221880299904,0.0138204385105346,-0.0217617212126171,0.0092127273917973,0.0044799015487726,321,165,1,5
metal_series,slope_abs_error,GEN10_REC_ALL_vs_GEN9_A0_ROW_ONLY,-0.0117978364946902,-0.0192613992159449,0.0141051190288827,-0.0215938910663695,0.0091125320863948,0.0041248173295821,321,163,1,5
metal_series,slope_abs_error,GEN10_REC_RANK_vs_GEN9_SHAPE_RECOMPOSED,-0.0066296116985214,-0.0086590308897599,0.0003548616467421,-0.0093425789447354,-0.0008283998613741,0.00066030009251,321,124,0,5
metal_series,slope_abs_error,GEN10_REC_RANK_vs_REC_ecfp_plus_recovered,-0.0053861941555354,-0.0111106482627749,0.0150643764371364,-0.0131175544047839,0.0109275003966085,0.0055576245367643,321,174,1,5
metal_series,slope_abs_error,GEN10_REC_RANK_vs_GEN9_A0_ROW_ONLY,-0.0052685249977968,-0.0110170290920207,0.0154139239308406,-0.0127854759607247,0.0108263291503793,0.0052025403175738,321,172,1,5
metal_series,slope_abs_error,GEN10_REC_GEN9_PLUS_vs_GEN9_SHAPE_RECOMPOSED,0.0015478955695315,0.0006427298376477,0.0023156920504093,0.0006685380167273,0.0023511699983069,0.0014368808644711,321,220,5,5
metal_series,slope_abs_error,GEN10_REC_GEN9_PLUS_vs_REC_ecfp_plus_recovered,0.0027913131125175,-0.0023210075856473,0.0190311584567962,-0.0054800674377909,0.015606343193581,0.0063342053087254,321,186,5,5
metal_series,slope_abs_error,GEN10_REC_GEN9_PLUS_vs_GEN9_A0_ROW_ONLY,0.0029089822702562,-0.0022867689348965,0.0193458652223484,-0.0057611948257207,0.0156684239504724,0.0059791210895349,321,186,4,5
metal_series,slope_abs_error,GEN10_LEVEL_SHAPE_vs_GEN9_SHAPE_RECOMPOSED,-0.0034857739148837,-0.0074552788801275,0.0008093792400647,-0.0104260526363706,0.0004332978018519,-0.0009208033076711,321,165,0,5
metal_series,slope_abs_error,GEN10_LEVEL_SHAPE_vs_REC_ecfp_plus_recovered,-0.0022423563718977,-0.0078515651570549,0.0160905162366457,-0.0107154754155682,0.0121612934833839,0.0039765211365831,321,178,1,5
metal_series,slope_abs_error,GEN10_LEVEL_SHAPE_vs_GEN9_A0_ROW_ONLY,-0.002124687214159,-0.0074188055441599,0.0159441133480416,-0.0105584327593503,0.0118580799654717,0.0036214369173926,321,183,1,5
metal_series,span_recovery_distance,GEN10_REC_HYBRID_vs_GEN9_SHAPE_RECOMPOSED,-0.176412695494794,-0.2436332755167415,0.0054043590201318,-0.2619306971792609,-0.0075158023920883,-0.0134706609146745,319,133,0,5
metal_series,span_recovery_distance,GEN10_REC_HYBRID_vs_REC_ecfp_plus_recovered,-0.3874469050694086,-0.5679559854081231,0.1506695052798871,-0.6140250751292573,0.0976372967983626,0.0243614796322286,319,211,0,5
metal_series,span_recovery_distance,GEN10_REC_HYBRID_vs_GEN9_A0_ROW_ONLY,-0.4155595912023802,-0.6068335226243992,0.1405330514947714,-0.6549688317281989,0.0906134222137506,-0.0007516686382011,319,197,0,5
metal_series,span_recovery_distance,GEN10_REC_ALL_vs_GEN9_SHAPE_RECOMPOSED,-0.3277179395160506,-0.4541358263277539,0.0093550759479922,-0.4886646952794478,-0.0097983433873906,-0.0171605758786559,319,151,0,5
metal_series,span_recovery_distance,GEN10_REC_ALL_vs_REC_ecfp_plus_recovered,-0.5387521490906652,-0.778671957792835,0.1501613281079465,-0.8396011481207911,0.0990757916581054,0.0206715646682473,319,204,0,5
metal_series,span_recovery_distance,GEN10_REC_ALL_vs_GEN9_A0_ROW_ONLY,-0.5668648352236368,-0.8165166446730995,0.1417208223164791,-0.8799397349563746,0.089797387341799,-0.0044415836021824,319,189,0,5
metal_series,span_recovery_distance,GEN10_REC_RANK_vs_GEN9_SHAPE_RECOMPOSED,-0.1692774640170957,-0.2390426858519124,0.0168217282705791,-0.2581331880845724,0.0049751996370049,0.0116814109412665,319,139,0,5
metal_series,span_recovery_distance,GEN10_REC_RANK_vs_REC_ecfp_plus_recovered,-0.3803116735917102,-0.5627837892885031,0.159322409384845,-0.6100017999861299,0.110167100420746,0.0495135514881697,319,211,0,5
metal_series,span_recovery_distance,GEN10_REC_RANK_vs_GEN9_A0_ROW_ONLY,-0.4084243597246818,-0.601074466097889,0.1505014177897129,-0.6509213854249831,0.1032978838861759,0.0244004032177399,319,198,0,5
metal_series,span_recovery_distance,GEN10_REC_GEN9_PLUS_vs_GEN9_SHAPE_RECOMPOSED,0.0258166222007681,0.0058438917953806,0.0399765638021438,0.0095296067943767,0.046862523310442,0.0161561535215595,319,207,4,5
metal_series,span_recovery_distance,GEN10_REC_GEN9_PLUS_vs_REC_ecfp_plus_recovered,-0.1852175873738464,-0.2982501046349526,0.168904091245391,-0.3279219010422853,0.1242440520440792,0.0539882940684627,319,217,1,5
metal_series,span_recovery_distance,GEN10_REC_GEN9_PLUS_vs_GEN9_A0_ROW_ONLY,-0.213330273506818,-0.3358715145058625,0.1610130682722142,-0.3678775283707988,0.1168557902133392,0.0288751457980329,319,204,1,5
metal_series,span_recovery_distance,GEN10_LEVEL_SHAPE_vs_GEN9_SHAPE_RECOMPOSED,-0.0099876864677637,-0.0384679467118784,0.0092977394593657,-0.0525254132476096,0.0029684569919888,0.0079441599904408,319,129,1,5
metal_series,span_recovery_distance,GEN10_LEVEL_SHAPE_vs_REC_ecfp_plus_recovered,-0.2210218960423784,-0.3346683557505892,0.1498516553308409,-0.3655293402081118,0.0973915922210853,0.045776300537344,319,196,0,5
metal_series,span_recovery_distance,GEN10_LEVEL_SHAPE_vs_GEN9_A0_ROW_ONLY,-0.2491345821753499,-0.3715005790360537,0.1374192491526994,-0.4047795282815672,0.0882233996928833,0.0206631522669142,319,195,0,5
metal_series,row_mae,GEN10_REC_HYBRID_vs_GEN9_SHAPE_RECOMPOSED,0.0020549725718921,-0.0004338989510787,0.0034372186275918,0.000110469442637,0.0042261050825314,0.0026774058285654,321,126,3,5
metal_series,row_mae,GEN10_REC_HYBRID_vs_REC_ecfp_plus_recovered,0.0153009967604729,0.004437216385812,0.0218538017682512,0.0065801838179225,0.024974483983911,0.0137546349925715,321,150,5,5
metal_series,row_mae,GEN10_REC_HYBRID_vs_GEN9_A0_ROW_ONLY,0.0164264825331617,-0.0116039353506166,0.0267409807434848,-0.0057651431759316,0.0328915885419411,0.0039944547722059,321,173,3,5
metal_series,row_mae,GEN10_REC_ALL_vs_GEN9_SHAPE_RECOMPOSED,-0.000195326356529,-0.0015356545276105,0.0032209849708876,-0.0018932148102431,0.0027798713746037,0.0018480139517136,321,124,1,5
metal_series,row_mae,GEN10_REC_ALL_vs_REC_ecfp_plus_recovered,0.0130506978320516,0.0034404079398594,0.0215034440695603,0.0048983269007463,0.0237908532586329,0.0129252431157197,321,144,5,5
metal_series,row_mae,GEN10_REC_ALL_vs_GEN9_A0_ROW_ONLY,0.0141761836047405,-0.0124914630787715,0.0255087466220367,-0.0074387228479674,0.0303415667725281,0.0031650628953541,321,173,3,5
metal_series,row_mae,GEN10_REC_RANK_vs_GEN9_SHAPE_RECOMPOSED,0.0006804349430454,-0.0008196480068311,0.0019166066133106,-0.0005987437641062,0.0021692474571438,0.001329814575354,321,110,2,5
metal_series,row_mae,GEN10_REC_RANK_vs_REC_ecfp_plus_recovered,0.0139264591316262,0.0039544941066197,0.0204895224080148,0.005807611862639,0.0235514217189055,0.0124070437393601,321,145,5,5
metal_series,row_mae,GEN10_REC_RANK_vs_GEN9_A0_ROW_ONLY,0.015051944904315,-0.0123222770699812,0.0253827002309303,-0.0065386527713618,0.0312421418422136,0.0026468635189945,321,173,3,5
metal_series,row_mae,GEN10_REC_GEN9_PLUS_vs_GEN9_SHAPE_RECOMPOSED,0.0009989992813304,0.0005423595462066,0.0015135834381754,0.0005988187335446,0.0016301027000443,0.0014789885058613,321,131,4,5
metal_series,row_mae,GEN10_REC_GEN9_PLUS_vs_REC_ecfp_plus_recovered,0.0142450234699112,0.0050745153858813,0.0205745500732856,0.0071059891215579,0.0241090074800645,0.0125562176698674,321,152,5,5
metal_series,row_mae,GEN10_REC_GEN9_PLUS_vs_GEN9_A0_ROW_ONLY,0.0153705092426,-0.0118087252018252,0.025906274356217,-0.0062004139634472,0.0314107677006463,0.0027960374495018,321,181,5,5
metal_series,row_mae,GEN10_LEVEL_SHAPE_vs_GEN9_SHAPE_RECOMPOSED,-0.0153774020840589,-0.0710068204596909,0.0018303468479708,-0.058132488180572,0.0115587503317209,-0.0139610886138415,321,136,1,5
metal_series,row_mae,GEN10_LEVEL_SHAPE_vs_REC_ecfp_plus_recovered,-0.0021313778954781,-0.0603399190052786,0.0155604541180203,-0.0467344712244198,0.0243666603795979,-0.0028838594498353,321,151,2,5
metal_series,row_mae,GEN10_LEVEL_SHAPE_vs_GEN9_A0_ROW_ONLY,-0.0010058921227893,-0.073784152308487,0.0212265284988732,-0.0582204340808614,0.0319703035475889,-0.012644039670201,321,155,2,5
metal_series,spearman,GEN10_REC_HYBRID_vs_GEN9_SHAPE_RECOMPOSED,0.0110396018887594,0.0013187469082134,0.0339831931920203,-0.0004642331817152,0.0316178710351151,0.016191670924182,319,120,4,5
metal_series,spearman,GEN10_REC_HYBRID_vs_REC_ecfp_plus_recovered,0.0879555901728115,0.0389756109971841,0.193066954035274,0.0300053259771432,0.1810750881757044,0.081238948314424,319,181,5,5
metal_series,spearman,GEN10_REC_HYBRID_vs_GEN9_A0_ROW_ONLY,0.0835326166904393,-0.0028763839979724,0.144675263959188,0.0138375980719138,0.1780660488025766,0.0140348304509262,319,199,5,5
metal_series,spearman,GEN10_REC_ALL_vs_GEN9_SHAPE_RECOMPOSED,0.0037174028059295,-0.0118901145601083,0.0317762749815785,-0.0125148014034914,0.03132809374108,0.0135549950557555,319,118,2,5
metal_series,spearman,GEN10_REC_ALL_vs_REC_ecfp_plus_recovered,0.0806333910899816,0.0294784011060348,0.1882534042459574,0.0224074330725016,0.17754049895942,0.0786022724459975,319,181,5,5
metal_series,spearman,GEN10_REC_ALL_vs_GEN9_A0_ROW_ONLY,0.0762104176076094,-0.0124267218272825,0.1414697807742728,0.0033944331586486,0.1788420242369961,0.0113981545824998,319,186,5,5
metal_series,spearman,GEN10_REC_RANK_vs_GEN9_SHAPE_RECOMPOSED,0.0022570408492032,-0.0059009053942549,0.020723454143345,-0.0076463956784603,0.0182846005025858,0.0074196302211763,319,116,3,5
metal_series,spearman,GEN10_REC_RANK_vs_REC_ecfp_plus_recovered,0.0791730291332553,0.0324526178351679,0.1784715534918644,0.0233717799883738,0.1666923029715636,0.0724669076114183,319,173,5,5
metal_series,spearman,GEN10_REC_RANK_vs_GEN9_A0_ROW_ONLY,0.0747500556508831,-0.0100949193606677,0.1320536692369482,0.0057638115314828,0.1638768738870837,0.0052627897479205,319,192,5,5
metal_series,spearman,GEN10_REC_GEN9_PLUS_vs_GEN9_SHAPE_RECOMPOSED,0.0024359635615281,-0.0015120884032437,0.0180608785316614,-0.0032397628488807,0.0134773431464816,0.0127204417884833,319,113,4,5
metal_series,spearman,GEN10_REC_GEN9_PLUS_vs_REC_ecfp_plus_recovered,0.0793519518455801,0.0362069447492802,0.1781896544202683,0.0234099927294697,0.1622349665133126,0.0777677191787253,319,181,5,5
metal_series,spearman,GEN10_REC_GEN9_PLUS_vs_GEN9_A0_ROW_ONLY,0.0749289783632079,-0.0064194813490966,0.1315162578470419,0.0111919160709799,0.1574290673304396,0.0105636013152276,319,201,5,5
metal_series,spearman,GEN10_LEVEL_SHAPE_vs_GEN9_SHAPE_RECOMPOSED,-0.0759377549152988,-0.1013557626676668,0.0037836781633356,-0.1094210297360463,-0.0042079476037993,-0.0092577579682644,319,109,0,5
metal_series,spearman,GEN10_LEVEL_SHAPE_vs_REC_ecfp_plus_recovered,0.0009782333687532,-0.0408178507390209,0.1554600075636046,-0.0578588658715405,0.1148741102628085,0.0557895194219775,319,176,3,5
metal_series,spearman,GEN10_LEVEL_SHAPE_vs_GEN9_A0_ROW_ONLY,-0.0034447401136189,-0.0447522237419583,0.1090202647407165,-0.0647113658076755,0.0868459857297817,-0.0114145984415201,319,189,2,5
