k,comparison,point,ci95_low,ci95_high,bca_low,bca_high,block_macro,n_units,units_improved,seeds_positive,n_seeds
0,GEN10_REC_HYBRID_vs_GEN9_SHAPE_RECOMPOSED@k0,0.004472638457358,-5.058044004414964e-05,0.0080884208732985,0.0006761868589393,0.0088808351040234,0.0024629481965493,99,56,5,5
0,GEN10_REC_HYBRID_vs_REC_ecfp_plus_recovered@k0,0.0292035740908626,0.0171169331157653,0.0427559207987408,0.01805637519481,0.0446353187299518,0.02662289701308,99,66,5,5
0,GEN10_REC_ALL_vs_GEN9_SHAPE_RECOMPOSED@k0,0.0045955933510767,-0.0004538003638183,0.0089264414875649,0.0004322927814855,0.0103612652572444,0.0022038703686242,99,57,5,5
0,GEN10_REC_ALL_vs_REC_ecfp_plus_recovered@k0,0.0293265289845813,0.0167907769273446,0.0434247508899895,0.017945205994618,0.0456057229248417,0.0263638191851549,99,63,5,5
0,GEN10_REC_RANK_vs_GEN9_SHAPE_RECOMPOSED@k0,0.0025167707686962,-0.0003825571517661,0.0063137098019704,0.0003237555610373,0.00755883032147,0.0015550968133547,99,56,4,5
0,GEN10_REC_RANK_vs_REC_ecfp_plus_recovered@k0,0.0272477064022008,0.0166774947140913,0.040950445447272,0.0175609636840739,0.0427569303250697,0.0257150456298854,99,68,5,5
0,GEN10_REC_GEN9_PLUS_vs_GEN9_SHAPE_RECOMPOSED@k0,0.0013534224064606,0.0003362639959745,0.0027342185682073,0.0004907752696465,0.0031329370443124,0.0015692427189123,99,55,5,5
0,GEN10_REC_GEN9_PLUS_vs_REC_ecfp_plus_recovered@k0,0.0260843580399652,0.0162586236447333,0.0388289145946146,0.0169955349071528,0.0397412761991862,0.025729191535443,99,71,5,5
0,GEN10_LEVEL_SHAPE_vs_GEN9_SHAPE_RECOMPOSED@k0,-0.029926279184357,-0.0642246482795232,0.0041163185034174,-0.0833495512613174,-0.0051633112175112,-0.0192512493825603,99,35,0,5
0,GEN10_LEVEL_SHAPE_vs_REC_ecfp_plus_recovered@k0,-0.0051953435508524,-0.0393314178830661,0.0314679916634024,-0.0524214265000008,0.0232408404274372,0.0049086994339703,99,48,1,5
1,GEN10_REC_HYBRID_vs_GEN9_SHAPE_RECOMPOSED@k1,0.0020390267193119,-0.0053004763626465,0.0135873200059511,-0.0061677984388351,0.0123393642092844,0.0072599310348695,99,50,4,5
1,GEN10_REC_HYBRID_vs_REC_ecfp_plus_recovered@k1,0.0233490557278936,0.0047021708307017,0.0557535321041103,0.0008547321783931,0.0494199377447084,0.0333507751059995,99,61,5,5
1,GEN10_REC_ALL_vs_GEN9_SHAPE_RECOMPOSED@k1,0.0008593292984594,-0.0076779587334845,0.0152281422855453,-0.0091664698457802,0.0130014068519097,0.0076931884286545,99,55,2,5
1,GEN10_REC_ALL_vs_REC_ecfp_plus_recovered@k1,0.022169358307041,0.0023967969547039,0.0569744313149829,-0.0018823802065227,0.0498609466588015,0.0337840324997844,99,59,5,5
1,GEN10_REC_RANK_vs_GEN9_SHAPE_RECOMPOSED@k1,0.0006603634471004,-0.0067811938738707,0.0127941422880716,-0.0089829254467965,0.0102446600096693,0.0048732067658081,99,61,3,5
1,GEN10_REC_RANK_vs_REC_ecfp_plus_recovered@k1,0.021970392455682,0.0016934811557665,0.0560997628465897,-0.0033265351199943,0.049539547153315,0.030964050836938,99,63,5,5
1,GEN10_REC_GEN9_PLUS_vs_GEN9_SHAPE_RECOMPOSED@k1,0.0049468849116816,0.0017254294783056,0.0102952559328563,0.0018579779671614,0.0105715404979045,0.0053727755234211,99,60,5,5
1,GEN10_REC_GEN9_PLUS_vs_REC_ecfp_plus_recovered@k1,0.0262569139202633,0.0083087653379345,0.0558663319598952,0.0054633197956889,0.0510756105754386,0.031463619594551,99,66,5,5
1,GEN10_LEVEL_SHAPE_vs_GEN9_SHAPE_RECOMPOSED@k1,-0.0093408669400863,-0.0203312668377985,0.0057408653586661,-0.023435692684453,0.0034711326957637,-0.0009268903118945,99,40,1,5
1,GEN10_LEVEL_SHAPE_vs_REC_ecfp_plus_recovered@k1,0.0119691620684952,-0.0118343736087404,0.0503942105208599,-0.0180160591675426,0.0424111212572404,0.0251639537592353,99,58,5,5
2,GEN10_REC_HYBRID_vs_GEN9_SHAPE_RECOMPOSED@k2,0.0015254953031031,-0.0076867729580088,0.018677216928965,-0.0093819425701182,0.0145742038532887,0.0094185187104881,99,56,3,5
2,GEN10_REC_HYBRID_vs_REC_ecfp_plus_recovered@k2,0.0174771628604291,-0.0041282593288982,0.0580494172112058,-0.0079773015534891,0.0496271733811323,0.0323552960243037,99,64,5,5
2,GEN10_REC_ALL_vs_GEN9_SHAPE_RECOMPOSED@k2,-0.0013695075589584,-0.0136810051428018,0.0206080619205727,-0.0165224064034582,0.015478074188208,0.0100643225269913,99,60,1,5
2,GEN10_REC_ALL_vs_REC_ecfp_plus_recovered@k2,0.0145821599983676,-0.0102231212679361,0.0598499107038736,-0.0151059766588142,0.0500423156519906,0.033001099840807,99,64,5,5
2,GEN10_REC_RANK_vs_GEN9_SHAPE_RECOMPOSED@k2,0.0015968914726586,-0.0079421005668233,0.0170828703419402,-0.0103367880365075,0.0137288064963216,0.0076114027649264,99,62,3,5
2,GEN10_REC_RANK_vs_REC_ecfp_plus_recovered@k2,0.0175485590299846,-0.0041670279675094,0.0564958633354647,-0.0086619281381927,0.0485827279778606,0.0305481800787421,99,65,5,5
2,GEN10_REC_GEN9_PLUS_vs_GEN9_SHAPE_RECOMPOSED@k2,0.0044958132032224,0.0021838440395037,0.0081277015164128,0.0023200818603233,0.0083492306427763,0.004464900926179,99,69,5,5
2,GEN10_REC_GEN9_PLUS_vs_REC_ecfp_plus_recovered@k2,0.0204474807605485,0.0054929510090947,0.0474176524404178,0.0032655863069065,0.0432796485694793,0.0274016782399947,99,65,5,5
2,GEN10_LEVEL_SHAPE_vs_GEN9_SHAPE_RECOMPOSED@k2,-0.0128795911305517,-0.0248620719130378,0.002827418648015,-0.0283443517900427,0.0009568229654871,-0.0029441226209863,99,29,0,5
2,GEN10_LEVEL_SHAPE_vs_REC_ecfp_plus_recovered@k2,0.0030720764267742,-0.0208342656576782,0.0419981746852408,-0.0270209002059902,0.0337579131440299,0.0199926546928293,99,56,4,5
3,GEN10_REC_HYBRID_vs_GEN9_SHAPE_RECOMPOSED@k3,0.0002188563987114,-0.0082657189815267,0.0153128873993884,-0.0101796430081222,0.0115591575223999,0.0066793233267826,99,55,2,5
3,GEN10_REC_HYBRID_vs_REC_ecfp_plus_recovered@k3,0.0101815079902097,-0.0088952947732971,0.0461596842773424,-0.0118037289709731,0.0386673890419047,0.0225788503975065,99,55,5,5
3,GEN10_REC_ALL_vs_GEN9_SHAPE_RECOMPOSED@k3,-0.0031882633167083,-0.0142119630125853,0.0159856550253584,-0.0167697252256915,0.011433208399835,0.0061371073390892,99,55,1,5
3,GEN10_REC_ALL_vs_REC_ecfp_plus_recovered@k3,0.0067743882747899,-0.0148225015335751,0.0470066978373468,-0.0189023231456851,0.0382221175839892,0.0220366344098131,99,56,3,5
3,GEN10_REC_RANK_vs_GEN9_SHAPE_RECOMPOSED@k3,0.0001549759784238,-0.0089629626466828,0.0141998139367718,-0.0114561706132895,0.011428073509788,0.0052771150349022,99,57,2,5
3,GEN10_REC_RANK_vs_REC_ecfp_plus_recovered@k3,0.0101176275699222,-0.0088831212542166,0.0441815654588244,-0.0128143341199468,0.0368577478349021,0.0211766421056262,99,57,5,5
3,GEN10_REC_GEN9_PLUS_vs_GEN9_SHAPE_RECOMPOSED@k3,0.0040793892317394,0.0021419469319907,0.0072728211902264,0.0021513024154144,0.0073066732468382,0.004646700785905,99,72,5,5
3,GEN10_REC_GEN9_PLUS_vs_REC_ecfp_plus_recovered@k3,0.0140420408232377,0.0012938823286317,0.0382114540349305,-0.0002277927405126,0.0350817622987768,0.0205462278566289,99,56,5,5
3,GEN10_LEVEL_SHAPE_vs_GEN9_SHAPE_RECOMPOSED@k3,-0.0107491818392984,-0.0204932650496388,0.0032843170432703,-0.0231979185449984,0.0009429984207787,-0.0029264756431608,99,25,0,5
3,GEN10_LEVEL_SHAPE_vs_REC_ecfp_plus_recovered@k3,-0.0007865302478001,-0.0203715195874538,0.0340492954851333,-0.024707086995946,0.0263898762791956,0.012973051427563,99,49,2,5
5,GEN10_REC_HYBRID_vs_GEN9_SHAPE_RECOMPOSED@k5,-0.0001673811095809,-0.0076930976529814,0.0131017053338114,-0.0093869019244256,0.0098260541557432,0.0055681781956262,99,53,2,5
5,GEN10_REC_HYBRID_vs_REC_ecfp_plus_recovered@k5,0.0034027641252551,-0.0140139936119813,0.0362385683631771,-0.0164484902215721,0.0314701854208332,0.012160186592651,99,53,3,5
5,GEN10_REC_ALL_vs_GEN9_SHAPE_RECOMPOSED@k5,-0.0032830748897099,-0.0131294458271634,0.013828639744231,-0.0155009595500314,0.0095949364681363,0.0043915633555229,99,57,1,5
5,GEN10_REC_ALL_vs_REC_ecfp_plus_recovered@k5,0.0002870703451261,-0.0193800166964375,0.0369018869060707,-0.0227077894924083,0.0308483054577178,0.0109835717525476,99,53,3,5
5,GEN10_REC_RANK_vs_GEN9_SHAPE_RECOMPOSED@k5,0.0003051115293477,-0.0080999942792914,0.013062550914851,-0.0105062854858378,0.0106159802936619,0.0052317692639235,99,58,2,5
5,GEN10_REC_RANK_vs_REC_ecfp_plus_recovered@k5,0.0038752567641837,-0.0131998333262709,0.0355139796363589,-0.0164982588415761,0.0290722074601313,0.0118237776609482,99,53,4,5
5,GEN10_REC_GEN9_PLUS_vs_GEN9_SHAPE_RECOMPOSED@k5,0.0036432410750031,0.0018658128704532,0.0064248967242834,0.0019082395344986,0.0064981518105655,0.0040381781304511,99,70,5,5
5,GEN10_REC_GEN9_PLUS_vs_REC_ecfp_plus_recovered@k5,0.0072133863098391,-0.0048924383115753,0.0295701314638464,-0.0053089007594524,0.0288020526366053,0.0106301865274758,99,54,5,5
5,GEN10_LEVEL_SHAPE_vs_GEN9_SHAPE_RECOMPOSED@k5,-0.0090784462016129,-0.0153221324439948,0.0008479806011931,-0.0168326653464643,-0.0013469926092488,-0.0042147490672962,99,32,0,5
5,GEN10_LEVEL_SHAPE_vs_REC_ecfp_plus_recovered@k5,-0.0055083009667769,-0.0216684527505746,0.0234606673181333,-0.0240388892687955,0.0187981217326226,0.0023772593297284,99,44,0,5
