design,split_seed,fold,cell_id
BP,104729,0,7ae1cf22d55d9cc1
BP,104729,0,7ad5ac5e8cdc02e6
BP,104729,0,d0c6d7ffec5d58c3
BP,104729,0,b0a65fc4ebf31640
BP,104729,0,5336017ed36fd28f
BP,104729,0,b3f035de0e7be945
BP,104729,0,cea7fbe06302870b
BP,104729,0,5a6a2f3bf13a7d55
BP,104729,0,c61ecb085d8df371
BP,104729,0,4f2be71378594542
BP,104729,0,b35f13943d04ca50
BP,104729,0,d871da32cd728745
BP,104729,0,ee9ed6c5b9f7b397
BP,104729,0,9ed4efa5a12f8c67
BP,104729,0,343f9328b4ddf79c
BP,104729,0,0f9c166921b14844
BP,104729,0,adf989d8af50b9a8
BP,104729,0,71dc32e0ed7e16a2
BP,104729,0,9f318a8d2aacfaf8
BP,104729,0,519ef744e75b8881
BP,104729,0,b67683ce7ad0ddd2
BP,104729,0,24f200d78a2ccb55
BP,104729,0,815c365f83ac70cf
BP,104729,0,9a5a0eda0a6fd590
BP,104729,0,e7c3a51331914d65
BP,104729,0,a155938e4ae9d704
BP,104729,0,ca0b84d43992b03d
BP,104729,0,d4a3b4eae29da29b
BP,104729,0,543ce167788b1f3e
BP,104729,0,99c8495117d32d72
BP,104729,0,43615d8a80044b19
BP,104729,0,a1da294020dc650f
BP,104729,0,26cbed1ed70886fe
BP,104729,0,ac59b211ab998989
BP,104729,0,accd65ebb9e6d5bd
BP,104729,0,e9d3da7afd6b290d
BP,104729,0,27060368c02ab464
BP,104729,0,2b26c5cb857798ec
BP,104729,0,6d2db02e8c8d2145
BP,104729,0,e0636d7b6780bb2a
BP,104729,0,417462f881b93736
BP,104729,0,34036c3b224f37de
BP,104729,0,4fcbabe856178b53
BP,104729,0,492b7bdb48f08e41
BP,104729,0,40257a80e298d1e7
BP,104729,0,d107e225e8d2b292
BP,104729,0,b4fd2a49bcbf3d25
BP,104729,0,754e9dee83f16dd1
BP,104729,0,a1364f38e19a30c6
BP,104729,0,ad16fef01adc5432
BP,104729,0,a1d1bb9061317e70
BP,104729,0,818f1d78902d2a6d
BP,104729,0,bd699b6a4b2c634b
BP,104729,0,b3438d0b792d8a58
BP,104729,0,d5e6b9dc02e2364e
BP,104729,0,180c0a7827d406e0
BP,104729,0,80b108c560581bbc
BP,104729,0,77428ad94822a7d6
BP,104729,0,372778033811af53
BP,104729,0,71f1d37fa44d6ef0
BP,104729,0,d2ff63c7d43f2890
BP,104729,0,c03f1b0e1f75ae1a
BP,104729,0,61603b00599eb0d5
BP,104729,0,526c53b206ce2492
BP,104729,0,80c76967ecfe2dc2
BP,104729,0,3983850cd373720d
BP,104729,0,73b19eb785eed129
BP,104729,0,0b799dd83f93411e
BP,104729,0,d4c1e23a091d0960
BP,104729,0,e4ee526bda3920c2
BP,104729,0,4c5b14e536cc1334
BP,104729,0,a00500e26347bc0e
BP,104729,0,5b0255daf759f446
BP,104729,0,4998005b3d3757a8
BP,104729,0,63d11bbb7d28eb4c
BP,104729,0,e4ff4ed289f6bac3
BP,104729,0,124db139bedffacf
BP,104729,0,cb4273c993344634
BP,104729,0,4759cae892250232
BP,104729,0,830861fddf3571ee
BP,104729,0,259e68bb986bb484
BP,104729,0,f05bea29ca56cbf9
BP,104729,0,f12454cc3399cc0a
BP,104729,0,3036e4501bafe469
BP,104729,0,441f7ec26db26341
BP,104729,0,aecd3ccb7d054807
BP,104729,0,d03955e5b6e2a037
BP,104729,0,7116690484a80f02
BP,104729,0,7a1bd3c43d402b71
BP,104729,0,121733ad19650ea3
BP,104729,0,86b7dbca3f1859b3
BP,104729,0,933a525b1e59cce1
BP,104729,0,7eb305c480cbd81c
BP,104729,0,05a73c87538dea60
BP,104729,0,8cb0deef770e3ca0
BP,104729,0,6b4bf3c0659fff4c
BP,104729,0,b05b2b6bc2a58cde
BP,104729,0,05c3538c00451781
BP,104729,0,459b90da32d12340
BP,104729,0,5add2b02243710d8
BP,104729,0,2a41f3ebef788345
BP,104729,0,099cafc95a99e1db
BP,104729,0,e29c1cf41e785a94
BP,104729,0,61f97ff8feb9afab
BP,104729,0,4481c5627928131d
BP,104729,0,929b2959e4085af9
BP,104729,0,4ae2a0e0a04e22fc
BP,104729,0,f76d16dc48d41e27
BP,104729,0,ca38ba3a8898a577
BP,104729,0,b88c40d83066f30e
BP,104729,0,86753032d9fa008d
BP,104729,0,658588ea845cbbcd
BP,104729,0,76711e79e2ec01ef
BP,104729,0,b7bc69fc789d9b76
BP,104729,0,0abbcf420e23e3c7
BP,104729,0,2a8b4d6487a26c27
BP,104729,0,f1cc02a92c08ce5a
BP,104729,0,652810ec40425074
BP,104729,0,85fadbeefe51dede
BP,104729,0,0cf584c973b138fa
BP,104729,0,0f586242f57f20f6
BP,104729,0,0711104e8af2bd43
BP,104729,0,4e816bdc993aa716
BP,104729,0,e72207fd3b60a738
BP,104729,0,fb395fc20ad441b8
BP,104729,0,ef0fb6c09176b30a
BP,104729,0,c76f680dd1db3efb
BP,104729,0,37d3f22ee01322f7
BP,104729,0,7a8033cd695a09db
BP,104729,0,2ac1b0d9b7b83726
BP,104729,0,babf32ba697c93fe
BP,104729,0,e492acad0936b2a0
BP,104729,0,9dc40db146f97226
BP,104729,0,03d73939b53041d6
BP,104729,0,9171eebe4dc639c6
BP,104729,0,30c8114cc055d4b0
BP,104729,0,472fc6d9059f3c8e
BP,104729,0,0e0915921cb03b61
BP,104729,0,af971a0b699f29ae
BP,104729,0,7aec532eedbe347b
BP,104729,0,2e7197a7efd242c9
BP,104729,0,10ca3ef9ac6e7fb0
BP,104729,0,8226bcd57b08d4d8
BP,104729,0,44012938119033a5
BP,104729,0,1651b0a3bd1a4142
BP,104729,0,1052c7804a84fd4c
BP,104729,0,2b9cc1a4fc46c0df
BP,104729,0,4cb2ffb4332ca124
BP,104729,0,5169c377777d282b
BP,104729,0,9f969f90406c97a4
BP,104729,0,4abc313a070a9a28
BP,104729,0,070747aae4dc989c
BP,104729,0,baac03fd9286c92d
BP,104729,0,cfb0cf901791360b
BP,104729,0,ee5f0a21fa37baaf
BP,104729,0,82698a4f2e790a6d
BP,104729,0,c10ed3995524f655
BP,104729,0,eca00c5272e79ac3
BP,104729,0,4315ec27cd357b25
BP,104729,0,070f43b8e6fa53cc
BP,104729,0,e7db5fe739b82aaa
BP,104729,0,0973c72a8ec4d510
BP,104729,0,74533b00ce755709
BP,104729,0,953982f25eb9e94b
BP,104729,0,ef98d769b40a6680
BP,104729,0,d4654555019558c8
BP,104729,0,3d131164e9134388
BP,104729,0,fc3b90c2ca040eec
BP,104729,0,9c591c4879c888e6
BP,104729,0,6bc4387fd909f896
BP,104729,0,f6224659cc3203a0
BP,104729,0,366305791859fdae
BP,104729,0,131a35ee31599805
BP,104729,0,3634230792682dfb
BP,104729,0,1fb1bf5499f79939
BP,104729,0,3ebd75679757f580
BP,104729,0,7ef399519f43aa6d
BP,104729,0,37eb96b580471a48
BP,104729,0,75aae14ed0f55590
BP,104729,0,029b985df55ed873
BP,104729,0,d294b06ac73b17a1
BP,104729,0,48baeebc441c0964
BP,104729,0,260b9aefd9095405
BP,104729,0,8f1b939eaa272815
BP,104729,0,e44232cadf8273f0
BP,104729,0,2c1daccff16e80f6
BP,104729,0,097373dc643a54b1
BP,104729,0,497c56cf4bb6611a
BP,104729,0,0ecd4ac4bf29bfb9
BP,104729,0,4530a24acedc122d
BP,104729,0,99b0e9e1b01ed092
BP,104729,0,430134a653758ce5
BP,104729,0,aaa0149134925bf9
BP,104729,0,6514717fd97a63b2
BP,104729,0,478c3b52611a0cbd
BP,104729,0,fe998c00ebf02b5b
BP,104729,0,c65334e8d3752fcf
BP,104729,0,1d1d29abd9feee01
BP,104729,0,c45da4f8ae11b5f9
BP,104729,0,9f79dc8e188218c9
BP,104729,0,8d45ecdd34fd5e01
BP,104729,0,7a309c8298db1979
BP,104729,0,d4b5d2329ee89d8e
BP,104729,0,a05f6146165f6248
BP,104729,0,39d3ae4f08f0d5ec
BP,104729,0,4b954c190b025231
BP,104729,0,d52651311f410143
BP,104729,0,f4f56d69fbd053d6
BP,104729,0,e5a1360bc75a4ef8
BP,104729,0,0f38fd2187cd586a
BP,104729,0,07f266b8e7152849
BP,104729,0,dfe8526ff61dd220
BP,104729,0,22146f154f5452a4
BP,104729,0,fc75ac98d4051976
BP,104729,0,e9c503b9e624ab1c
BP,104729,0,152fe9af83f615b7
BP,104729,0,4348c0181a7fb6a9
BP,104729,0,9fa143d673f003c5
BP,104729,0,b4fc1c58dae55cf7
BP,104729,0,29a2dce9745c7f69
BP,104729,0,b140586b970b08e2
BP,104729,0,e83d4c4ecf844dc8
BP,104729,0,06bdf21af7ecb9fc
BP,104729,0,e5fea5a198d61ae9
BP,104729,0,5481e24299d25612
BP,104729,0,12aa9245de21a311
BP,104729,0,bce6d77fae97e9e6
BP,104729,0,566a8c43ddcbece4
BP,104729,0,60eaef2e90387f04
BP,104729,0,fab613e45cd89915
BP,104729,0,2395ee06cb8f62e4
BP,104729,0,b8ff7dd7bbffc321
BP,104729,0,1531b6ddd3ece892
BP,104729,0,ba23ebfd4dec23af
BP,104729,0,22e6722fa25f0f33
BP,104729,0,ad437829e7500cdc
BP,104729,0,49d8fec581f11a1b
BP,104729,0,a5f895ea5f21c7c6
BP,104729,0,a978e980884d447d
BP,104729,0,caae8f09ae6fe8a6
BP,104729,0,e6726c67347a268e
BP,104729,0,e3d66fb2c7ee2b84
BP,104729,0,e4e934e4aa6ddbdc
BP,104729,0,96867429887d5f2b
BP,104729,0,c093459038ad6cd5
BP,104729,0,2e2178a0708ace3c
BP,104729,0,b0550b120cab19f8
BP,104729,0,e43827453c7e2411
BP,104729,0,04eecc879c91a669
BP,104729,0,b1583a60dbdcf380
BP,104729,0,79d8f74457709963
BP,104729,0,24bf78605a7f0d14
BP,104729,0,8fb7e7e0342b2039
BP,104729,0,7f5406552bbba735
BP,104729,0,a5aca35a0cadf96f
BP,104729,0,69e195a80b7d4973
BP,104729,0,8dcd9e7787055e69
BP,104729,0,9c6851ce5dc22a05
BP,104729,0,4c356ac82685bc22
BP,104729,0,f11938d8b12f2f1b
BP,104729,0,38f978381235fa0f
BP,104729,0,f547ce1a9dc13fd7
BP,104729,0,d39be844f6c19a24
BP,104729,0,07308b2583d8c4cd
BP,104729,0,adbb998b58b05ba5
BP,104729,0,27ba9ec8c5c1679d
BP,104729,0,0c8dfe9e52efea32
BP,104729,0,94001676fbdcec6a
BP,104729,0,14c81e86e596e17b
BP,104729,0,8af48925d3a43351
BP,104729,0,63e05c745b39b25c
BP,104729,0,f646cbd900a6ac93
BP,104729,0,405c419d213255a8
BP,104729,0,d53530d6840d94f0
BP,104729,0,5c3c61f9e9a49367
BP,104729,0,ef9024103123aa88
BP,104729,0,c06060f01ef3c33c
BP,104729,0,3069581a1411c359
BP,104729,0,ebc272cce63b19b5
BP,104729,0,89a2a9e8ba87e99e
BP,104729,0,8a5480f4c0ec7738
BP,104729,0,ee4424ee933309ba
BP,104729,0,c41d53a5c2625ad2
BP,104729,0,da1466fd10c76caa
BP,104729,0,55bd7b92214b4418
BP,104729,0,27dac1aeb58ec2cb
BP,104729,0,a9cb3ebbf14bf055
BP,104729,0,62607940a098ba04
BP,104729,0,80726b41095fe6a4
BP,104729,0,f8b348637519af6d
BP,104729,0,cd3067ece810d420
BP,104729,0,6284e51a92450ff1
BP,104729,0,f863fb3745a236ed
BP,104729,0,354fe634113a078e
BP,104729,0,bd881878983afa89
BP,104729,0,cb88f30f510766d7
BP,104729,0,f05d823b963a6c6e
BP,104729,0,bad44c25ba1e0e47
BP,104729,0,0e9aecd4edb08739
BP,104729,0,fadca46ff2b140c2
BP,104729,0,33dd4fb571535d39
BP,104729,0,c1531bb6a4c0d5dd
BP,104729,0,491a11bbcf7316ac
BP,104729,0,bbf8561763b5fe90
BP,104729,0,23c2e4b4e083bf41
BP,104729,0,94b61f812fd04ae1
BP,104729,0,15d9f57efc2109b2
BP,104729,0,3f970389a16936b0
BP,104729,0,9581b7e59a4fde6b
BP,104729,0,f3f59bcc6a57bf85
BP,104729,0,baac592a9be0ecbc
BP,104729,0,5ecd5d29fae16278
BP,104729,0,1ae066ee87478b63
BP,104729,0,2ff88a5f6fb6d0e9
BP,104729,0,01ee039385fc7c75
BP,104729,0,60987e3ba2606ed9
BP,104729,0,13a35b2f0047182d
BP,104729,0,1ebc2c5cdec573d0
BP,104729,0,481ba480489b2751
BP,104729,0,32de9d815d2846a5
BP,104729,0,af1d270486f91d93
BP,104729,0,969dd6704f8fe61e
BP,104729,0,6cee88301287bd45
BP,104729,0,08c04f254321daed
BP,104729,0,f45cda7484a41d88
BP,104729,0,6488e219e288487a
BP,104729,0,ed6d5074650c9b8b
BP,104729,0,084576c4c03d3466
BP,104729,0,0656e632ce1a7169
BP,104729,0,b0cdf84d11493940
BP,104729,0,64c611b30ca8ba77
BP,104729,0,be97fe183683ad4a
BP,104729,0,c0e9076f69d33056
BP,104729,0,ab8854b327c314cc
BP,104729,0,e0e5be665a068d70
BP,104729,0,8277f2b9e9f965fa
BP,104729,0,258319f8cf1775bd
BP,104729,0,7bcc49d3346d5a47
BP,104729,0,7bb5ec1010ef08b4
BP,104729,0,5df28757679cae26
BP,104729,0,f8ed87d3cf7f4281
BP,104729,0,3ab42c60b155d54b
BP,104729,0,96048bf491b8182c
BP,104729,0,32442e4168bf1ab2
BP,104729,0,590ee18b85260498
BP,104729,0,bc71259110d506f1
BP,104729,0,0a152227108b8080
BP,104729,0,dea5592aab4c6cf0
BP,104729,0,a3bc2e7b55a95970
BP,104729,0,2cf8480c768c5553
BP,104729,0,4ab68efc604014ca
BP,104729,0,001f596e6e90825f
BP,104729,0,b5e24d8ee05b0308
BP,104729,0,224867547c5f97b1
BP,104729,0,247f57741141188a
BP,104729,0,62e7cdd6fa003391
BP,104729,0,5148f598b8fefae0
BP,104729,0,3bb58e5ef9b428b7
BP,104729,0,786daf3e0a82df88
BP,104729,0,25190cd2ec1fac11
BP,104729,0,ecd9159fe62e40e4
BP,104729,0,4e8be969a97aed3a
BP,104729,0,a423fa7862a329ed
BP,104729,0,bdb8b0e62f40bcf2
BP,104729,0,d9a3a6a909e7df82
BP,104729,0,254bf7e2512ca599
BP,104729,0,ffb2b8db7dbc8411
BP,104729,0,84d57d2109ba58e4
BP,104729,0,fa59d2e1b76c4a24
BP,104729,0,f345a56eda1f9ed1
BP,104729,0,51a739465b8fb046
BP,104729,0,c8a6ffeb23a0bcc2
BP,104729,0,8ce2ac39e721d1aa
BP,104729,0,bfa7684fc1fda64f
BP,104729,0,704fc6f6bf74b603
BP,104729,0,294703df92b6533e
BP,104729,0,4e73fc9e25c9b546
BP,104729,0,cdf8056c8a18ea40
BP,104729,0,5c166731d1d5fbd1
BP,104729,0,eb33bd3082722c29
BP,104729,0,df85bbf19f37e424
BP,104729,0,191dc47465a7947d
BP,104729,0,0bfe8db0dedc76b3
BP,104729,0,858435d031f0b505
BP,104729,0,703f3002cd07af0a
BP,104729,0,55c8024e6aeb8645
BP,104729,0,43852ce0a368a901
BP,104729,0,170f4449e685df34
BP,104729,0,80831f6aeb20c04c
BP,104729,0,44ffaf6d189cbdca
BP,104729,0,60dbe004cb66ba19
BP,104729,0,b5e65446da21df7b
BP,104729,0,15dc1799c184fc3a
BP,104729,0,9d9213331ad7dd69
BP,104729,0,dccc576d9bc9c6e4
BP,104729,0,67e6ec7793b157fe
BP,104729,0,0566ed2ca037d109
BP,104729,0,dacc5a494d43359d
BP,104729,0,507af5394b70a4dd
BP,104729,0,c69bbc62cd828d2d
BP,104729,0,30c4c895c1f14a00
BP,104729,0,a336d7efac6d497f
BP,104729,0,def49c5f51a54d90
BP,104729,0,3ca8bfeb40f3602a
BP,104729,0,13bdb1b842aedadd
BP,104729,0,f69839108b2c85f5
BP,104729,0,406f42dfb5421781
BP,104729,0,61c102ab7cc7f620
BP,104729,0,22e588a0e0c13f2f
BP,104729,0,ba30679f20d1f8ba
BP,104729,0,0fa0546f61f02ef1
BP,104729,0,0fa842aec22f7c26
BP,104729,0,674109bd60361b81
BP,104729,0,85ee7a988bff9651
BP,104729,0,05a9d42bc9a52c2f
BP,104729,0,7d36bc477a0e0230
BP,104729,0,63f496241ad8d2c6
BP,104729,0,fe42258fb5d2f4c0
BP,104729,1,109e14b8ccc21bad
BP,104729,1,1e24cffad4644246
BP,104729,1,303084e36adee19e
BP,104729,1,e5564b444fdaf53f
BP,104729,1,8dbcbd7ca36dfcac
BP,104729,1,8af24844744ac7f2
BP,104729,1,da6bc9ba440520e9
BP,104729,1,b33dc03c40457417
BP,104729,1,f457e9a3d6532cc8
BP,104729,1,9754896d384a387f
BP,104729,1,e48388064c30fbb4
BP,104729,1,cd097fce666bd34a
BP,104729,1,fbd013078d5396c3
BP,104729,1,196797dc24f71fda
BP,104729,1,575484a7b0e30ce4
BP,104729,1,8a78c3b1777b0625
BP,104729,1,ceb21275e22d7bc5
BP,104729,1,7054e94bc4c6833f
BP,104729,1,387c8149db0709ba
BP,104729,1,a0d4af2988976e92
BP,104729,1,8c5403780d088101
BP,104729,1,a578b16e226e3955
BP,104729,2,2d78f120adfe3686
BP,104729,2,80c823b698d1e2e3
BP,104729,2,26c34ebae098cb88
BP,104729,2,24e25ef33361b113
BP,104729,2,867065d232568bc2
BP,104729,2,1d24c65c4467674c
BP,104729,2,bd3fc29ffabf7ddb
BP,104729,2,1ae01662fc857c0c
BP,104729,2,39e5721af352391f
BP,104729,2,e50fafc498d71881
BP,104729,2,67f2cc5a43a622c3
BP,104729,2,0ff595d576155f6c
BP,104729,2,ac87efdb82643345
BP,104729,2,bc9a63898c4a9f31
BP,104729,2,cf940348affe2b22
BP,104729,2,f9634fd0d4f54298
BP,104729,2,12a3128354fdff0d
BP,104729,2,69c48d6302dc0419
BP,104729,2,99b606925e9e5da5
BP,104729,2,737616fbf4da4cc5
BP,104729,2,dfd12fd9a63c1bed
BP,104729,2,7e28c59c22bb78a1
BP,104729,2,f900d30f4f9cb904
BP,104729,2,6ff6056da7469332
BP,104729,2,b1d9860b27f6967a
BP,104729,2,8aacfa427d94a6c3
BP,104729,2,a4d656d2b626c103
BP,104729,3,0f09c750ad725e62
BP,104729,3,b3e96da836b2a8d7
BP,104729,3,5a784610642d15eb
BP,104729,3,83e92ef55cb48b32
BP,104729,3,b12fc13eb540e876
BP,104729,3,b20623fec7beda7f
BP,104729,3,c85d5c123ee3faf7
BP,104729,3,6bb24aa7ebde5cf2
BP,104729,3,62210f1ed9c0290a
BP,104729,3,e5801ade018e294c
BP,104729,3,b6dd725c12a98df4
BP,104729,3,99a96142eb77b2ba
BP,104729,3,cf100c942f2bcf49
BP,104729,3,96334e652839c42f
BP,104729,4,51b8bb1801b4ae88
BP,104729,4,5fe61fb5cb043ac8
BP,104729,4,75373a48cee6831b
BP,104729,4,6b5aa379bd39e0ef
BP,104729,4,5fb4f83d5104f22b
BP,104729,4,14adb12855160ba8
BP,104729,4,2ce4216d747e06bd
BP,104729,4,9556abeb71c0402e
BP,104729,4,933cfc281ff52df6
BP,104729,4,c950dc2982e96b83
BP,104729,4,e750e112570d7faa
BP,104729,4,894c0f669179ac88
BP,104729,4,ca1d836f90fd7326
BP,104729,4,1d5bd9571e76b6b9
BP,104729,4,12e5b227c6778b31
BP,104729,4,cc0aa04a7d4e6736
BP,104729,4,9d3ad92a7e474a02
BP,104729,4,85c3345fc4f19f94
BP,104729,4,326289072f176f80
BP,104729,4,9586db05ac5e234b
BP,104729,4,210a7fd223b28532
BP,104729,4,dc13ffb6702915b0
BP,104729,4,b602105bc79ff59a
BP,104729,4,7e60dab22fb414cd
BP,104729,4,c6571910bb94ca86
BP,104729,4,62448b158626bc3b
BP,104729,4,a726b022cfb7eec7
BP,104729,4,cc095c60c1836798
BP,104729,4,1fc3aa577dd17d3b
BP,104729,4,b5dd8ce73ca20571
BP,104729,4,8a2c6f5152aeaf90
BP,104729,4,d353d5dcb1e2552e
BP,104729,4,122d16835afa0b32
BP,104729,4,fb63e1a1688b55ca
BP,104729,4,37b0cdc532627e1d
BP,104729,4,b1319c6a60fe25e2
BP,104729,4,1b71b86063cd1faf
BP,104729,4,bab15f498e85e69e
BP,104729,4,77a9b05cb0bdbcf2
BP,104729,4,2c83afeaea6f67e0
BP,130363,0,7ae1cf22d55d9cc1
BP,130363,0,51b8bb1801b4ae88
BP,130363,0,5fe61fb5cb043ac8
BP,130363,0,75373a48cee6831b
BP,130363,0,6b5aa379bd39e0ef
BP,130363,0,303084e36adee19e
BP,130363,0,67f2cc5a43a622c3
BP,130363,0,e5564b444fdaf53f
BP,130363,0,8dbcbd7ca36dfcac
BP,130363,0,8af24844744ac7f2
BP,130363,0,69c48d6302dc0419
BP,130363,0,dfd12fd9a63c1bed
BP,130363,0,7e28c59c22bb78a1
BP,130363,0,f900d30f4f9cb904
BP,130363,0,e5801ade018e294c
BP,130363,0,30c4c895c1f14a00
BP,130363,0,a336d7efac6d497f
BP,130363,0,def49c5f51a54d90
BP,130363,0,3ca8bfeb40f3602a
BP,130363,0,13bdb1b842aedadd
BP,130363,0,fe42258fb5d2f4c0
BP,130363,0,8aacfa427d94a6c3
BP,130363,1,0f09c750ad725e62
BP,130363,1,b3e96da836b2a8d7
BP,130363,1,4f2be71378594542
BP,130363,1,b35f13943d04ca50
BP,130363,1,d871da32cd728745
BP,130363,1,ee9ed6c5b9f7b397
BP,130363,1,9ed4efa5a12f8c67
BP,130363,1,343f9328b4ddf79c
BP,130363,1,0f9c166921b14844
BP,130363,1,adf989d8af50b9a8
BP,130363,1,71dc32e0ed7e16a2
BP,130363,1,9f318a8d2aacfaf8
BP,130363,1,519ef744e75b8881
BP,130363,1,b67683ce7ad0ddd2
BP,130363,1,24f200d78a2ccb55
BP,130363,1,815c365f83ac70cf
BP,130363,1,9a5a0eda0a6fd590
BP,130363,1,e7c3a51331914d65
BP,130363,1,a155938e4ae9d704
BP,130363,1,d4a3b4eae29da29b
BP,130363,1,26c34ebae098cb88
BP,130363,1,24e25ef33361b113
BP,130363,1,867065d232568bc2
BP,130363,1,1d24c65c4467674c
BP,130363,1,bd3fc29ffabf7ddb
BP,130363,1,1ae01662fc857c0c
BP,130363,1,39e5721af352391f
BP,130363,1,e50fafc498d71881
BP,130363,1,0ff595d576155f6c
BP,130363,1,14adb12855160ba8
BP,130363,1,83e92ef55cb48b32
BP,130363,1,b12fc13eb540e876
BP,130363,1,b20623fec7beda7f
BP,130363,1,c85d5c123ee3faf7
BP,130363,1,6bb24aa7ebde5cf2
BP,130363,1,ac87efdb82643345
BP,130363,1,bc9a63898c4a9f31
BP,130363,1,cf940348affe2b22
BP,130363,1,9556abeb71c0402e
BP,130363,1,99b606925e9e5da5
BP,130363,1,737616fbf4da4cc5
BP,130363,1,c950dc2982e96b83
BP,130363,1,e750e112570d7faa
BP,130363,1,894c0f669179ac88
BP,130363,1,ca1d836f90fd7326
BP,130363,1,1d5bd9571e76b6b9
BP,130363,1,12e5b227c6778b31
BP,130363,1,cc0aa04a7d4e6736
BP,130363,1,9d3ad92a7e474a02
BP,130363,1,85c3345fc4f19f94
BP,130363,1,326289072f176f80
BP,130363,1,9586db05ac5e234b
BP,130363,1,210a7fd223b28532
BP,130363,1,dc13ffb6702915b0
BP,130363,1,b602105bc79ff59a
BP,130363,1,7e60dab22fb414cd
BP,130363,1,c6571910bb94ca86
BP,130363,1,62448b158626bc3b
BP,130363,1,a726b022cfb7eec7
BP,130363,1,cc095c60c1836798
BP,130363,2,109e14b8ccc21bad
BP,130363,2,80c823b698d1e2e3
BP,130363,2,2ce4216d747e06bd
BP,130363,2,5148f598b8fefae0
BP,130363,2,da6bc9ba440520e9
BP,130363,2,b33dc03c40457417
BP,130363,2,f69839108b2c85f5
BP,130363,2,406f42dfb5421781
BP,130363,2,61c102ab7cc7f620
BP,130363,2,22e588a0e0c13f2f
BP,130363,2,ba30679f20d1f8ba
BP,130363,2,0fa0546f61f02ef1
BP,130363,2,0fa842aec22f7c26
BP,130363,2,674109bd60361b81
BP,130363,2,85ee7a988bff9651
BP,130363,2,05a9d42bc9a52c2f
BP,130363,2,7d36bc477a0e0230
BP,130363,2,63f496241ad8d2c6
BP,130363,2,f457e9a3d6532cc8
BP,130363,2,9754896d384a387f
BP,130363,2,e48388064c30fbb4
BP,130363,2,cd097fce666bd34a
BP,130363,2,fbd013078d5396c3
BP,130363,2,196797dc24f71fda
BP,130363,2,575484a7b0e30ce4
BP,130363,2,8a78c3b1777b0625
BP,130363,2,ceb21275e22d7bc5
BP,130363,2,7054e94bc4c6833f
BP,130363,2,b1d9860b27f6967a
BP,130363,2,a578b16e226e3955
BP,130363,3,d0c6d7ffec5d58c3
BP,130363,3,b0a65fc4ebf31640
BP,130363,3,5336017ed36fd28f
BP,130363,3,b3f035de0e7be945
BP,130363,3,cea7fbe06302870b
BP,130363,3,5a6a2f3bf13a7d55
BP,130363,3,c61ecb085d8df371
BP,130363,3,ca0b84d43992b03d
BP,130363,3,543ce167788b1f3e
BP,130363,3,99c8495117d32d72
BP,130363,3,43615d8a80044b19
BP,130363,3,a1da294020dc650f
BP,130363,3,26cbed1ed70886fe
BP,130363,3,ac59b211ab998989
BP,130363,3,accd65ebb9e6d5bd
BP,130363,3,e9d3da7afd6b290d
BP,130363,3,27060368c02ab464
BP,130363,3,2b26c5cb857798ec
BP,130363,3,6d2db02e8c8d2145
BP,130363,3,e0636d7b6780bb2a
BP,130363,3,417462f881b93736
BP,130363,3,34036c3b224f37de
BP,130363,3,4fcbabe856178b53
BP,130363,3,492b7bdb48f08e41
BP,130363,3,40257a80e298d1e7
BP,130363,3,d107e225e8d2b292
BP,130363,3,b4fd2a49bcbf3d25
BP,130363,3,754e9dee83f16dd1
BP,130363,3,a1364f38e19a30c6
BP,130363,3,ad16fef01adc5432
BP,130363,3,a1d1bb9061317e70
BP,130363,3,818f1d78902d2a6d
BP,130363,3,bd699b6a4b2c634b
BP,130363,3,b3438d0b792d8a58
BP,130363,3,d5e6b9dc02e2364e
BP,130363,3,180c0a7827d406e0
BP,130363,3,80b108c560581bbc
BP,130363,3,77428ad94822a7d6
BP,130363,3,372778033811af53
BP,130363,3,71f1d37fa44d6ef0
BP,130363,3,d2ff63c7d43f2890
BP,130363,3,c03f1b0e1f75ae1a
BP,130363,3,61603b00599eb0d5
BP,130363,3,526c53b206ce2492
BP,130363,3,80c76967ecfe2dc2
BP,130363,3,3983850cd373720d
BP,130363,3,73b19eb785eed129
BP,130363,3,0b799dd83f93411e
BP,130363,3,d4c1e23a091d0960
BP,130363,3,e4ee526bda3920c2
BP,130363,3,4c5b14e536cc1334
BP,130363,3,a00500e26347bc0e
BP,130363,3,5b0255daf759f446
BP,130363,3,4998005b3d3757a8
BP,130363,3,63d11bbb7d28eb4c
BP,130363,3,e4ff4ed289f6bac3
BP,130363,3,124db139bedffacf
BP,130363,3,cb4273c993344634
BP,130363,3,4759cae892250232
BP,130363,3,830861fddf3571ee
BP,130363,3,259e68bb986bb484
BP,130363,3,f05bea29ca56cbf9
BP,130363,3,f12454cc3399cc0a
BP,130363,3,3036e4501bafe469
BP,130363,3,441f7ec26db26341
BP,130363,3,aecd3ccb7d054807
BP,130363,3,d03955e5b6e2a037
BP,130363,3,7116690484a80f02
BP,130363,3,7a1bd3c43d402b71
BP,130363,3,121733ad19650ea3
BP,130363,3,86b7dbca3f1859b3
BP,130363,3,933a525b1e59cce1
BP,130363,3,7eb305c480cbd81c
BP,130363,3,05a73c87538dea60
BP,130363,3,6b4bf3c0659fff4c
BP,130363,3,b05b2b6bc2a58cde
BP,130363,3,05c3538c00451781
BP,130363,3,459b90da32d12340
BP,130363,3,5add2b02243710d8
BP,130363,3,2a41f3ebef788345
BP,130363,3,099cafc95a99e1db
BP,130363,3,e29c1cf41e785a94
BP,130363,3,61f97ff8feb9afab
BP,130363,3,4481c5627928131d
BP,130363,3,929b2959e4085af9
BP,130363,3,4ae2a0e0a04e22fc
BP,130363,3,f76d16dc48d41e27
BP,130363,3,ca38ba3a8898a577
BP,130363,3,b88c40d83066f30e
BP,130363,3,86753032d9fa008d
BP,130363,3,658588ea845cbbcd
BP,130363,3,76711e79e2ec01ef
BP,130363,3,b7bc69fc789d9b76
BP,130363,3,0abbcf420e23e3c7
BP,130363,3,2a8b4d6487a26c27
BP,130363,3,f1cc02a92c08ce5a
BP,130363,3,652810ec40425074
BP,130363,3,85fadbeefe51dede
BP,130363,3,0cf584c973b138fa
BP,130363,3,0f586242f57f20f6
BP,130363,3,0711104e8af2bd43
BP,130363,3,4e816bdc993aa716
BP,130363,3,e72207fd3b60a738
BP,130363,3,fb395fc20ad441b8
BP,130363,3,ef0fb6c09176b30a
BP,130363,3,c76f680dd1db3efb
BP,130363,3,37d3f22ee01322f7
BP,130363,3,7a8033cd695a09db
BP,130363,3,2ac1b0d9b7b83726
BP,130363,3,babf32ba697c93fe
BP,130363,3,e492acad0936b2a0
BP,130363,3,9dc40db146f97226
BP,130363,3,03d73939b53041d6
BP,130363,3,9171eebe4dc639c6
BP,130363,3,30c8114cc055d4b0
BP,130363,3,472fc6d9059f3c8e
BP,130363,3,0e0915921cb03b61
BP,130363,3,af971a0b699f29ae
BP,130363,3,7aec532eedbe347b
BP,130363,3,2e7197a7efd242c9
BP,130363,3,10ca3ef9ac6e7fb0
BP,130363,3,8226bcd57b08d4d8
BP,130363,3,44012938119033a5
BP,130363,3,1651b0a3bd1a4142
BP,130363,3,1052c7804a84fd4c
BP,130363,3,2b9cc1a4fc46c0df
BP,130363,3,4cb2ffb4332ca124
BP,130363,3,5169c377777d282b
BP,130363,3,9f969f90406c97a4
BP,130363,3,4abc313a070a9a28
BP,130363,3,070747aae4dc989c
BP,130363,3,baac03fd9286c92d
BP,130363,3,cfb0cf901791360b
BP,130363,3,ee5f0a21fa37baaf
BP,130363,3,82698a4f2e790a6d
BP,130363,3,c10ed3995524f655
BP,130363,3,eca00c5272e79ac3
BP,130363,3,4315ec27cd357b25
BP,130363,3,070f43b8e6fa53cc
BP,130363,3,e7db5fe739b82aaa
BP,130363,3,0973c72a8ec4d510
BP,130363,3,74533b00ce755709
BP,130363,3,953982f25eb9e94b
BP,130363,3,ef98d769b40a6680
BP,130363,3,d4654555019558c8
BP,130363,3,3d131164e9134388
BP,130363,3,fc3b90c2ca040eec
BP,130363,3,9c591c4879c888e6
BP,130363,3,6bc4387fd909f896
BP,130363,3,f6224659cc3203a0
BP,130363,3,366305791859fdae
BP,130363,3,131a35ee31599805
BP,130363,3,5fb4f83d5104f22b
BP,130363,3,3634230792682dfb
BP,130363,3,1fb1bf5499f79939
BP,130363,3,3ebd75679757f580
BP,130363,3,7ef399519f43aa6d
BP,130363,3,37eb96b580471a48
BP,130363,3,75aae14ed0f55590
BP,130363,3,029b985df55ed873
BP,130363,3,d294b06ac73b17a1
BP,130363,3,48baeebc441c0964
BP,130363,3,260b9aefd9095405
BP,130363,3,8f1b939eaa272815
BP,130363,3,e44232cadf8273f0
BP,130363,3,2c1daccff16e80f6
BP,130363,3,097373dc643a54b1
BP,130363,3,497c56cf4bb6611a
BP,130363,3,0ecd4ac4bf29bfb9
BP,130363,3,4530a24acedc122d
BP,130363,3,99b0e9e1b01ed092
BP,130363,3,430134a653758ce5
BP,130363,3,aaa0149134925bf9
BP,130363,3,6514717fd97a63b2
BP,130363,3,478c3b52611a0cbd
BP,130363,3,fe998c00ebf02b5b
BP,130363,3,c65334e8d3752fcf
BP,130363,3,1d1d29abd9feee01
BP,130363,3,c45da4f8ae11b5f9
BP,130363,3,9f79dc8e188218c9
BP,130363,3,8d45ecdd34fd5e01
BP,130363,3,7a309c8298db1979
BP,130363,3,d4b5d2329ee89d8e
BP,130363,3,a05f6146165f6248
BP,130363,3,39d3ae4f08f0d5ec
BP,130363,3,4b954c190b025231
BP,130363,3,d52651311f410143
BP,130363,3,f4f56d69fbd053d6
BP,130363,3,e5a1360bc75a4ef8
BP,130363,3,0f38fd2187cd586a
BP,130363,3,07f266b8e7152849
BP,130363,3,dfe8526ff61dd220
BP,130363,3,22146f154f5452a4
BP,130363,3,fc75ac98d4051976
BP,130363,3,e9c503b9e624ab1c
BP,130363,3,152fe9af83f615b7
BP,130363,3,4348c0181a7fb6a9
BP,130363,3,9fa143d673f003c5
BP,130363,3,b4fc1c58dae55cf7
BP,130363,3,29a2dce9745c7f69
BP,130363,3,b140586b970b08e2
BP,130363,3,e83d4c4ecf844dc8
BP,130363,3,06bdf21af7ecb9fc
BP,130363,3,e5fea5a198d61ae9
BP,130363,3,5481e24299d25612
BP,130363,3,12aa9245de21a311
BP,130363,3,bce6d77fae97e9e6
BP,130363,3,566a8c43ddcbece4
BP,130363,3,60eaef2e90387f04
BP,130363,3,fab613e45cd89915
BP,130363,3,2395ee06cb8f62e4
BP,130363,3,b8ff7dd7bbffc321
BP,130363,3,1531b6ddd3ece892
BP,130363,3,ba23ebfd4dec23af
BP,130363,3,22e6722fa25f0f33
BP,130363,3,ad437829e7500cdc
BP,130363,3,49d8fec581f11a1b
BP,130363,3,a5f895ea5f21c7c6
BP,130363,3,a978e980884d447d
BP,130363,3,caae8f09ae6fe8a6
BP,130363,3,e6726c67347a268e
BP,130363,3,e3d66fb2c7ee2b84
BP,130363,3,e4e934e4aa6ddbdc
BP,130363,3,96867429887d5f2b
BP,130363,3,c093459038ad6cd5
BP,130363,3,2e2178a0708ace3c
BP,130363,3,b0550b120cab19f8
BP,130363,3,e43827453c7e2411
BP,130363,3,04eecc879c91a669
BP,130363,3,b1583a60dbdcf380
BP,130363,3,79d8f74457709963
BP,130363,3,24bf78605a7f0d14
BP,130363,3,8fb7e7e0342b2039
BP,130363,3,7f5406552bbba735
BP,130363,3,a5aca35a0cadf96f
BP,130363,3,69e195a80b7d4973
BP,130363,3,8dcd9e7787055e69
BP,130363,3,9c6851ce5dc22a05
BP,130363,3,4c356ac82685bc22
BP,130363,3,f11938d8b12f2f1b
BP,130363,3,38f978381235fa0f
BP,130363,3,f547ce1a9dc13fd7
BP,130363,3,d39be844f6c19a24
BP,130363,3,07308b2583d8c4cd
BP,130363,3,adbb998b58b05ba5
BP,130363,3,27ba9ec8c5c1679d
BP,130363,3,0c8dfe9e52efea32
BP,130363,3,94001676fbdcec6a
BP,130363,3,14c81e86e596e17b
BP,130363,3,8af48925d3a43351
BP,130363,3,63e05c745b39b25c
BP,130363,3,f646cbd900a6ac93
BP,130363,3,405c419d213255a8
BP,130363,3,d53530d6840d94f0
BP,130363,3,5c3c61f9e9a49367
BP,130363,3,ef9024103123aa88
BP,130363,3,c06060f01ef3c33c
BP,130363,3,3069581a1411c359
BP,130363,3,ebc272cce63b19b5
BP,130363,3,89a2a9e8ba87e99e
BP,130363,3,8a5480f4c0ec7738
BP,130363,3,ee4424ee933309ba
BP,130363,3,c41d53a5c2625ad2
BP,130363,3,da1466fd10c76caa
BP,130363,3,55bd7b92214b4418
BP,130363,3,27dac1aeb58ec2cb
BP,130363,3,a9cb3ebbf14bf055
BP,130363,3,62607940a098ba04
BP,130363,3,80726b41095fe6a4
BP,130363,3,f8b348637519af6d
BP,130363,3,cd3067ece810d420
BP,130363,3,6284e51a92450ff1
BP,130363,3,f863fb3745a236ed
BP,130363,3,354fe634113a078e
BP,130363,3,bd881878983afa89
BP,130363,3,cb88f30f510766d7
BP,130363,3,f05d823b963a6c6e
BP,130363,3,bad44c25ba1e0e47
BP,130363,3,0e9aecd4edb08739
BP,130363,3,fadca46ff2b140c2
BP,130363,3,33dd4fb571535d39
BP,130363,3,c1531bb6a4c0d5dd
BP,130363,3,491a11bbcf7316ac
BP,130363,3,bbf8561763b5fe90
BP,130363,3,23c2e4b4e083bf41
BP,130363,3,94b61f812fd04ae1
BP,130363,3,15d9f57efc2109b2
BP,130363,3,3f970389a16936b0
BP,130363,3,9581b7e59a4fde6b
BP,130363,3,f3f59bcc6a57bf85
BP,130363,3,baac592a9be0ecbc
BP,130363,3,5ecd5d29fae16278
BP,130363,3,1ae066ee87478b63
BP,130363,3,2ff88a5f6fb6d0e9
BP,130363,3,01ee039385fc7c75
BP,130363,3,60987e3ba2606ed9
BP,130363,3,13a35b2f0047182d
BP,130363,3,1ebc2c5cdec573d0
BP,130363,3,481ba480489b2751
BP,130363,3,32de9d815d2846a5
BP,130363,3,af1d270486f91d93
BP,130363,3,969dd6704f8fe61e
BP,130363,3,6cee88301287bd45
BP,130363,3,08c04f254321daed
BP,130363,3,f45cda7484a41d88
BP,130363,3,6488e219e288487a
BP,130363,3,ed6d5074650c9b8b
BP,130363,3,084576c4c03d3466
BP,130363,3,0656e632ce1a7169
BP,130363,3,b0cdf84d11493940
BP,130363,3,64c611b30ca8ba77
BP,130363,3,be97fe183683ad4a
BP,130363,3,c0e9076f69d33056
BP,130363,3,ab8854b327c314cc
BP,130363,3,e0e5be665a068d70
BP,130363,3,8277f2b9e9f965fa
BP,130363,3,258319f8cf1775bd
BP,130363,3,7bcc49d3346d5a47
BP,130363,3,7bb5ec1010ef08b4
BP,130363,3,5df28757679cae26
BP,130363,3,f8ed87d3cf7f4281
BP,130363,3,3ab42c60b155d54b
BP,130363,3,96048bf491b8182c
BP,130363,3,32442e4168bf1ab2
BP,130363,3,590ee18b85260498
BP,130363,3,bc71259110d506f1
BP,130363,3,0a152227108b8080
BP,130363,3,dea5592aab4c6cf0
BP,130363,3,a3bc2e7b55a95970
BP,130363,3,2cf8480c768c5553
BP,130363,3,b5e24d8ee05b0308
BP,130363,3,224867547c5f97b1
BP,130363,3,247f57741141188a
BP,130363,3,62e7cdd6fa003391
BP,130363,3,933cfc281ff52df6
BP,130363,3,62210f1ed9c0290a
BP,130363,3,3bb58e5ef9b428b7
BP,130363,3,786daf3e0a82df88
BP,130363,3,25190cd2ec1fac11
BP,130363,3,ecd9159fe62e40e4
BP,130363,3,4e8be969a97aed3a
BP,130363,3,a423fa7862a329ed
BP,130363,3,bdb8b0e62f40bcf2
BP,130363,3,d9a3a6a909e7df82
BP,130363,3,254bf7e2512ca599
BP,130363,3,ffb2b8db7dbc8411
BP,130363,3,84d57d2109ba58e4
BP,130363,3,fa59d2e1b76c4a24
BP,130363,3,f345a56eda1f9ed1
BP,130363,3,51a739465b8fb046
BP,130363,3,c8a6ffeb23a0bcc2
BP,130363,3,8ce2ac39e721d1aa
BP,130363,3,bfa7684fc1fda64f
BP,130363,3,704fc6f6bf74b603
BP,130363,3,294703df92b6533e
BP,130363,3,4e73fc9e25c9b546
BP,130363,3,cdf8056c8a18ea40
BP,130363,3,5c166731d1d5fbd1
BP,130363,3,eb33bd3082722c29
BP,130363,3,df85bbf19f37e424
BP,130363,3,191dc47465a7947d
BP,130363,3,0bfe8db0dedc76b3
BP,130363,3,858435d031f0b505
BP,130363,3,703f3002cd07af0a
BP,130363,3,55c8024e6aeb8645
BP,130363,3,43852ce0a368a901
BP,130363,3,170f4449e685df34
BP,130363,3,80831f6aeb20c04c
BP,130363,3,44ffaf6d189cbdca
BP,130363,3,b5e65446da21df7b
BP,130363,3,15dc1799c184fc3a
BP,130363,3,9d9213331ad7dd69
BP,130363,3,dccc576d9bc9c6e4
BP,130363,3,67e6ec7793b157fe
BP,130363,3,0566ed2ca037d109
BP,130363,3,dacc5a494d43359d
BP,130363,3,507af5394b70a4dd
BP,130363,3,c69bbc62cd828d2d
BP,130363,3,b6dd725c12a98df4
BP,130363,3,99a96142eb77b2ba
BP,130363,3,1fc3aa577dd17d3b
BP,130363,3,b5dd8ce73ca20571
BP,130363,3,8a2c6f5152aeaf90
BP,130363,3,d353d5dcb1e2552e
BP,130363,3,122d16835afa0b32
BP,130363,3,fb63e1a1688b55ca
BP,130363,3,37b0cdc532627e1d
BP,130363,3,b1319c6a60fe25e2
BP,130363,3,1b71b86063cd1faf
BP,130363,3,bab15f498e85e69e
BP,130363,3,77a9b05cb0bdbcf2
BP,130363,3,2c83afeaea6f67e0
BP,130363,3,96334e652839c42f
BP,130363,3,387c8149db0709ba
BP,130363,4,2d78f120adfe3686
BP,130363,4,7ad5ac5e8cdc02e6
BP,130363,4,1e24cffad4644246
BP,130363,4,5a784610642d15eb
BP,130363,4,8cb0deef770e3ca0
BP,130363,4,4ab68efc604014ca
BP,130363,4,001f596e6e90825f
BP,130363,4,f9634fd0d4f54298
BP,130363,4,12a3128354fdff0d
BP,130363,4,60dbe004cb66ba19
BP,130363,4,cf100c942f2bcf49
BP,130363,4,6ff6056da7469332
BP,130363,4,a0d4af2988976e92
BP,130363,4,8c5403780d088101
BP,130363,4,a4d656d2b626c103
BP,155921,0,1e24cffad4644246
BP,155921,0,67f2cc5a43a622c3
BP,155921,0,14adb12855160ba8
BP,155921,0,8dbcbd7ca36dfcac
BP,155921,0,8af24844744ac7f2
BP,155921,0,69c48d6302dc0419
BP,155921,0,9556abeb71c0402e
BP,155921,0,dfd12fd9a63c1bed
BP,155921,0,7e28c59c22bb78a1
BP,155921,0,f900d30f4f9cb904
BP,155921,0,62210f1ed9c0290a
BP,155921,0,62448b158626bc3b
BP,155921,0,a726b022cfb7eec7
BP,155921,0,e5801ade018e294c
BP,155921,0,f457e9a3d6532cc8
BP,155921,0,9754896d384a387f
BP,155921,0,e48388064c30fbb4
BP,155921,0,cd097fce666bd34a
BP,155921,0,fbd013078d5396c3
BP,155921,0,196797dc24f71fda
BP,155921,0,575484a7b0e30ce4
BP,155921,0,8a78c3b1777b0625
BP,155921,0,ceb21275e22d7bc5
BP,155921,0,7054e94bc4c6833f
BP,155921,0,a0d4af2988976e92
BP,155921,0,8c5403780d088101
BP,155921,0,a578b16e226e3955
BP,155921,1,7ae1cf22d55d9cc1
BP,155921,1,80c823b698d1e2e3
BP,155921,1,7ad5ac5e8cdc02e6
BP,155921,1,5148f598b8fefae0
BP,155921,1,30c4c895c1f14a00
BP,155921,1,a336d7efac6d497f
BP,155921,1,def49c5f51a54d90
BP,155921,1,3ca8bfeb40f3602a
BP,155921,1,13bdb1b842aedadd
BP,155921,1,cf100c942f2bcf49
BP,155921,1,fe42258fb5d2f4c0
BP,155921,1,6ff6056da7469332
BP,155921,1,96334e652839c42f
BP,155921,1,8aacfa427d94a6c3
BP,155921,2,0f09c750ad725e62
BP,155921,2,2d78f120adfe3686
BP,155921,2,4f2be71378594542
BP,155921,2,b35f13943d04ca50
BP,155921,2,d871da32cd728745
BP,155921,2,ee9ed6c5b9f7b397
BP,155921,2,9ed4efa5a12f8c67
BP,155921,2,343f9328b4ddf79c
BP,155921,2,0f9c166921b14844
BP,155921,2,adf989d8af50b9a8
BP,155921,2,71dc32e0ed7e16a2
BP,155921,2,9f318a8d2aacfaf8
BP,155921,2,519ef744e75b8881
BP,155921,2,b67683ce7ad0ddd2
BP,155921,2,24f200d78a2ccb55
BP,155921,2,815c365f83ac70cf
BP,155921,2,9a5a0eda0a6fd590
BP,155921,2,e7c3a51331914d65
BP,155921,2,a155938e4ae9d704
BP,155921,2,d4a3b4eae29da29b
BP,155921,2,5fe61fb5cb043ac8
BP,155921,2,75373a48cee6831b
BP,155921,2,6b5aa379bd39e0ef
BP,155921,2,26c34ebae098cb88
BP,155921,2,24e25ef33361b113
BP,155921,2,867065d232568bc2
BP,155921,2,1d24c65c4467674c
BP,155921,2,bd3fc29ffabf7ddb
BP,155921,2,1ae01662fc857c0c
BP,155921,2,8cb0deef770e3ca0
BP,155921,2,0ff595d576155f6c
BP,155921,2,ac87efdb82643345
BP,155921,2,bc9a63898c4a9f31
BP,155921,2,cf940348affe2b22
BP,155921,2,4ab68efc604014ca
BP,155921,2,001f596e6e90825f
BP,155921,2,f9634fd0d4f54298
BP,155921,2,12a3128354fdff0d
BP,155921,2,933cfc281ff52df6
BP,155921,2,60dbe004cb66ba19
BP,155921,2,a4d656d2b626c103
BP,155921,3,b3e96da836b2a8d7
BP,155921,3,d0c6d7ffec5d58c3
BP,155921,3,b0a65fc4ebf31640
BP,155921,3,5336017ed36fd28f
BP,155921,3,b3f035de0e7be945
BP,155921,3,cea7fbe06302870b
BP,155921,3,5a6a2f3bf13a7d55
BP,155921,3,c61ecb085d8df371
BP,155921,3,51b8bb1801b4ae88
BP,155921,3,ca0b84d43992b03d
BP,155921,3,543ce167788b1f3e
BP,155921,3,99c8495117d32d72
BP,155921,3,43615d8a80044b19
BP,155921,3,a1da294020dc650f
BP,155921,3,26cbed1ed70886fe
BP,155921,3,ac59b211ab998989
BP,155921,3,accd65ebb9e6d5bd
BP,155921,3,e9d3da7afd6b290d
BP,155921,3,27060368c02ab464
BP,155921,3,2b26c5cb857798ec
BP,155921,3,6d2db02e8c8d2145
BP,155921,3,e0636d7b6780bb2a
BP,155921,3,417462f881b93736
BP,155921,3,34036c3b224f37de
BP,155921,3,4fcbabe856178b53
BP,155921,3,492b7bdb48f08e41
BP,155921,3,40257a80e298d1e7
BP,155921,3,d107e225e8d2b292
BP,155921,3,b4fd2a49bcbf3d25
BP,155921,3,754e9dee83f16dd1
BP,155921,3,a1364f38e19a30c6
BP,155921,3,ad16fef01adc5432
BP,155921,3,a1d1bb9061317e70
BP,155921,3,818f1d78902d2a6d
BP,155921,3,bd699b6a4b2c634b
BP,155921,3,b3438d0b792d8a58
BP,155921,3,d5e6b9dc02e2364e
BP,155921,3,180c0a7827d406e0
BP,155921,3,80b108c560581bbc
BP,155921,3,77428ad94822a7d6
BP,155921,3,372778033811af53
BP,155921,3,71f1d37fa44d6ef0
BP,155921,3,d2ff63c7d43f2890
BP,155921,3,c03f1b0e1f75ae1a
BP,155921,3,61603b00599eb0d5
BP,155921,3,526c53b206ce2492
BP,155921,3,80c76967ecfe2dc2
BP,155921,3,3983850cd373720d
BP,155921,3,73b19eb785eed129
BP,155921,3,0b799dd83f93411e
BP,155921,3,d4c1e23a091d0960
BP,155921,3,e4ee526bda3920c2
BP,155921,3,4c5b14e536cc1334
BP,155921,3,a00500e26347bc0e
BP,155921,3,5b0255daf759f446
BP,155921,3,4998005b3d3757a8
BP,155921,3,63d11bbb7d28eb4c
BP,155921,3,e4ff4ed289f6bac3
BP,155921,3,124db139bedffacf
BP,155921,3,cb4273c993344634
BP,155921,3,4759cae892250232
BP,155921,3,830861fddf3571ee
BP,155921,3,259e68bb986bb484
BP,155921,3,f05bea29ca56cbf9
BP,155921,3,f12454cc3399cc0a
BP,155921,3,3036e4501bafe469
BP,155921,3,441f7ec26db26341
BP,155921,3,aecd3ccb7d054807
BP,155921,3,d03955e5b6e2a037
BP,155921,3,7116690484a80f02
BP,155921,3,7a1bd3c43d402b71
BP,155921,3,121733ad19650ea3
BP,155921,3,86b7dbca3f1859b3
BP,155921,3,933a525b1e59cce1
BP,155921,3,7eb305c480cbd81c
BP,155921,3,05a73c87538dea60
BP,155921,3,303084e36adee19e
BP,155921,3,6b4bf3c0659fff4c
BP,155921,3,b05b2b6bc2a58cde
BP,155921,3,05c3538c00451781
BP,155921,3,459b90da32d12340
BP,155921,3,5add2b02243710d8
BP,155921,3,2a41f3ebef788345
BP,155921,3,099cafc95a99e1db
BP,155921,3,e29c1cf41e785a94
BP,155921,3,61f97ff8feb9afab
BP,155921,3,4481c5627928131d
BP,155921,3,929b2959e4085af9
BP,155921,3,4ae2a0e0a04e22fc
BP,155921,3,f76d16dc48d41e27
BP,155921,3,ca38ba3a8898a577
BP,155921,3,b88c40d83066f30e
BP,155921,3,86753032d9fa008d
BP,155921,3,658588ea845cbbcd
BP,155921,3,76711e79e2ec01ef
BP,155921,3,b7bc69fc789d9b76
BP,155921,3,0abbcf420e23e3c7
BP,155921,3,2a8b4d6487a26c27
BP,155921,3,f1cc02a92c08ce5a
BP,155921,3,652810ec40425074
BP,155921,3,85fadbeefe51dede
BP,155921,3,0cf584c973b138fa
BP,155921,3,0f586242f57f20f6
BP,155921,3,0711104e8af2bd43
BP,155921,3,4e816bdc993aa716
BP,155921,3,e72207fd3b60a738
BP,155921,3,fb395fc20ad441b8
BP,155921,3,ef0fb6c09176b30a
BP,155921,3,c76f680dd1db3efb
BP,155921,3,37d3f22ee01322f7
BP,155921,3,7a8033cd695a09db
BP,155921,3,2ac1b0d9b7b83726
BP,155921,3,babf32ba697c93fe
BP,155921,3,e492acad0936b2a0
BP,155921,3,9dc40db146f97226
BP,155921,3,03d73939b53041d6
BP,155921,3,9171eebe4dc639c6
BP,155921,3,30c8114cc055d4b0
BP,155921,3,472fc6d9059f3c8e
BP,155921,3,0e0915921cb03b61
BP,155921,3,af971a0b699f29ae
BP,155921,3,7aec532eedbe347b
BP,155921,3,2e7197a7efd242c9
BP,155921,3,10ca3ef9ac6e7fb0
BP,155921,3,8226bcd57b08d4d8
BP,155921,3,44012938119033a5
BP,155921,3,1651b0a3bd1a4142
BP,155921,3,1052c7804a84fd4c
BP,155921,3,2b9cc1a4fc46c0df
BP,155921,3,4cb2ffb4332ca124
BP,155921,3,5169c377777d282b
BP,155921,3,9f969f90406c97a4
BP,155921,3,4abc313a070a9a28
BP,155921,3,070747aae4dc989c
BP,155921,3,baac03fd9286c92d
BP,155921,3,cfb0cf901791360b
BP,155921,3,ee5f0a21fa37baaf
BP,155921,3,82698a4f2e790a6d
BP,155921,3,c10ed3995524f655
BP,155921,3,eca00c5272e79ac3
BP,155921,3,4315ec27cd357b25
BP,155921,3,070f43b8e6fa53cc
BP,155921,3,e7db5fe739b82aaa
BP,155921,3,0973c72a8ec4d510
BP,155921,3,74533b00ce755709
BP,155921,3,953982f25eb9e94b
BP,155921,3,ef98d769b40a6680
BP,155921,3,d4654555019558c8
BP,155921,3,3d131164e9134388
BP,155921,3,fc3b90c2ca040eec
BP,155921,3,9c591c4879c888e6
BP,155921,3,6bc4387fd909f896
BP,155921,3,f6224659cc3203a0
BP,155921,3,366305791859fdae
BP,155921,3,131a35ee31599805
BP,155921,3,5fb4f83d5104f22b
BP,155921,3,3634230792682dfb
BP,155921,3,1fb1bf5499f79939
BP,155921,3,3ebd75679757f580
BP,155921,3,83e92ef55cb48b32
BP,155921,3,b12fc13eb540e876
BP,155921,3,b20623fec7beda7f
BP,155921,3,c85d5c123ee3faf7
BP,155921,3,6bb24aa7ebde5cf2
BP,155921,3,7ef399519f43aa6d
BP,155921,3,37eb96b580471a48
BP,155921,3,75aae14ed0f55590
BP,155921,3,029b985df55ed873
BP,155921,3,d294b06ac73b17a1
BP,155921,3,48baeebc441c0964
BP,155921,3,260b9aefd9095405
BP,155921,3,8f1b939eaa272815
BP,155921,3,e44232cadf8273f0
BP,155921,3,2c1daccff16e80f6
BP,155921,3,097373dc643a54b1
BP,155921,3,497c56cf4bb6611a
BP,155921,3,0ecd4ac4bf29bfb9
BP,155921,3,4530a24acedc122d
BP,155921,3,99b0e9e1b01ed092
BP,155921,3,430134a653758ce5
BP,155921,3,aaa0149134925bf9
BP,155921,3,6514717fd97a63b2
BP,155921,3,478c3b52611a0cbd
BP,155921,3,fe998c00ebf02b5b
BP,155921,3,c65334e8d3752fcf
BP,155921,3,1d1d29abd9feee01
BP,155921,3,c45da4f8ae11b5f9
BP,155921,3,9f79dc8e188218c9
BP,155921,3,8d45ecdd34fd5e01
BP,155921,3,7a309c8298db1979
BP,155921,3,d4b5d2329ee89d8e
BP,155921,3,a05f6146165f6248
BP,155921,3,39d3ae4f08f0d5ec
BP,155921,3,4b954c190b025231
BP,155921,3,d52651311f410143
BP,155921,3,f4f56d69fbd053d6
BP,155921,3,e5a1360bc75a4ef8
BP,155921,3,0f38fd2187cd586a
BP,155921,3,07f266b8e7152849
BP,155921,3,dfe8526ff61dd220
BP,155921,3,22146f154f5452a4
BP,155921,3,fc75ac98d4051976
BP,155921,3,e9c503b9e624ab1c
BP,155921,3,152fe9af83f615b7
BP,155921,3,4348c0181a7fb6a9
BP,155921,3,9fa143d673f003c5
BP,155921,3,b4fc1c58dae55cf7
BP,155921,3,29a2dce9745c7f69
BP,155921,3,b140586b970b08e2
BP,155921,3,e83d4c4ecf844dc8
BP,155921,3,06bdf21af7ecb9fc
BP,155921,3,e5fea5a198d61ae9
BP,155921,3,5481e24299d25612
BP,155921,3,12aa9245de21a311
BP,155921,3,bce6d77fae97e9e6
BP,155921,3,566a8c43ddcbece4
BP,155921,3,60eaef2e90387f04
BP,155921,3,fab613e45cd89915
BP,155921,3,2395ee06cb8f62e4
BP,155921,3,b8ff7dd7bbffc321
BP,155921,3,1531b6ddd3ece892
BP,155921,3,ba23ebfd4dec23af
BP,155921,3,22e6722fa25f0f33
BP,155921,3,ad437829e7500cdc
BP,155921,3,49d8fec581f11a1b
BP,155921,3,a5f895ea5f21c7c6
BP,155921,3,a978e980884d447d
BP,155921,3,caae8f09ae6fe8a6
BP,155921,3,e6726c67347a268e
BP,155921,3,e3d66fb2c7ee2b84
BP,155921,3,e4e934e4aa6ddbdc
BP,155921,3,96867429887d5f2b
BP,155921,3,c093459038ad6cd5
BP,155921,3,2e2178a0708ace3c
BP,155921,3,b0550b120cab19f8
BP,155921,3,e43827453c7e2411
BP,155921,3,04eecc879c91a669
BP,155921,3,b1583a60dbdcf380
BP,155921,3,79d8f74457709963
BP,155921,3,24bf78605a7f0d14
BP,155921,3,8fb7e7e0342b2039
BP,155921,3,7f5406552bbba735
BP,155921,3,a5aca35a0cadf96f
BP,155921,3,69e195a80b7d4973
BP,155921,3,8dcd9e7787055e69
BP,155921,3,9c6851ce5dc22a05
BP,155921,3,4c356ac82685bc22
BP,155921,3,f11938d8b12f2f1b
BP,155921,3,38f978381235fa0f
BP,155921,3,f547ce1a9dc13fd7
BP,155921,3,d39be844f6c19a24
BP,155921,3,07308b2583d8c4cd
BP,155921,3,adbb998b58b05ba5
BP,155921,3,27ba9ec8c5c1679d
BP,155921,3,0c8dfe9e52efea32
BP,155921,3,94001676fbdcec6a
BP,155921,3,14c81e86e596e17b
BP,155921,3,8af48925d3a43351
BP,155921,3,63e05c745b39b25c
BP,155921,3,f646cbd900a6ac93
BP,155921,3,405c419d213255a8
BP,155921,3,d53530d6840d94f0
BP,155921,3,5c3c61f9e9a49367
BP,155921,3,ef9024103123aa88
BP,155921,3,c06060f01ef3c33c
BP,155921,3,3069581a1411c359
BP,155921,3,ebc272cce63b19b5
BP,155921,3,89a2a9e8ba87e99e
BP,155921,3,8a5480f4c0ec7738
BP,155921,3,ee4424ee933309ba
BP,155921,3,c41d53a5c2625ad2
BP,155921,3,da1466fd10c76caa
BP,155921,3,55bd7b92214b4418
BP,155921,3,27dac1aeb58ec2cb
BP,155921,3,a9cb3ebbf14bf055
BP,155921,3,62607940a098ba04
BP,155921,3,80726b41095fe6a4
BP,155921,3,f8b348637519af6d
BP,155921,3,cd3067ece810d420
BP,155921,3,6284e51a92450ff1
BP,155921,3,f863fb3745a236ed
BP,155921,3,354fe634113a078e
BP,155921,3,bd881878983afa89
BP,155921,3,cb88f30f510766d7
BP,155921,3,f05d823b963a6c6e
BP,155921,3,bad44c25ba1e0e47
BP,155921,3,0e9aecd4edb08739
BP,155921,3,fadca46ff2b140c2
BP,155921,3,33dd4fb571535d39
BP,155921,3,c1531bb6a4c0d5dd
BP,155921,3,491a11bbcf7316ac
BP,155921,3,bbf8561763b5fe90
BP,155921,3,23c2e4b4e083bf41
BP,155921,3,94b61f812fd04ae1
BP,155921,3,15d9f57efc2109b2
BP,155921,3,3f970389a16936b0
BP,155921,3,9581b7e59a4fde6b
BP,155921,3,f3f59bcc6a57bf85
BP,155921,3,baac592a9be0ecbc
BP,155921,3,5ecd5d29fae16278
BP,155921,3,1ae066ee87478b63
BP,155921,3,2ff88a5f6fb6d0e9
BP,155921,3,01ee039385fc7c75
BP,155921,3,60987e3ba2606ed9
BP,155921,3,13a35b2f0047182d
BP,155921,3,1ebc2c5cdec573d0
BP,155921,3,481ba480489b2751
BP,155921,3,32de9d815d2846a5
BP,155921,3,af1d270486f91d93
BP,155921,3,969dd6704f8fe61e
BP,155921,3,6cee88301287bd45
BP,155921,3,08c04f254321daed
BP,155921,3,f45cda7484a41d88
BP,155921,3,6488e219e288487a
BP,155921,3,ed6d5074650c9b8b
BP,155921,3,084576c4c03d3466
BP,155921,3,0656e632ce1a7169
BP,155921,3,b0cdf84d11493940
BP,155921,3,64c611b30ca8ba77
BP,155921,3,be97fe183683ad4a
BP,155921,3,c0e9076f69d33056
BP,155921,3,ab8854b327c314cc
BP,155921,3,e0e5be665a068d70
BP,155921,3,8277f2b9e9f965fa
BP,155921,3,258319f8cf1775bd
BP,155921,3,7bcc49d3346d5a47
BP,155921,3,7bb5ec1010ef08b4
BP,155921,3,5df28757679cae26
BP,155921,3,f8ed87d3cf7f4281
BP,155921,3,3ab42c60b155d54b
BP,155921,3,96048bf491b8182c
BP,155921,3,32442e4168bf1ab2
BP,155921,3,590ee18b85260498
BP,155921,3,bc71259110d506f1
BP,155921,3,0a152227108b8080
BP,155921,3,dea5592aab4c6cf0
BP,155921,3,a3bc2e7b55a95970
BP,155921,3,2cf8480c768c5553
BP,155921,3,e5564b444fdaf53f
BP,155921,3,b5e24d8ee05b0308
BP,155921,3,224867547c5f97b1
BP,155921,3,247f57741141188a
BP,155921,3,62e7cdd6fa003391
BP,155921,3,da6bc9ba440520e9
BP,155921,3,b33dc03c40457417
BP,155921,3,c950dc2982e96b83
BP,155921,3,e750e112570d7faa
BP,155921,3,894c0f669179ac88
BP,155921,3,ca1d836f90fd7326
BP,155921,3,1d5bd9571e76b6b9
BP,155921,3,12e5b227c6778b31
BP,155921,3,cc0aa04a7d4e6736
BP,155921,3,9d3ad92a7e474a02
BP,155921,3,85c3345fc4f19f94
BP,155921,3,326289072f176f80
BP,155921,3,9586db05ac5e234b
BP,155921,3,210a7fd223b28532
BP,155921,3,dc13ffb6702915b0
BP,155921,3,b602105bc79ff59a
BP,155921,3,7e60dab22fb414cd
BP,155921,3,c6571910bb94ca86
BP,155921,3,3bb58e5ef9b428b7
BP,155921,3,786daf3e0a82df88
BP,155921,3,25190cd2ec1fac11
BP,155921,3,ecd9159fe62e40e4
BP,155921,3,4e8be969a97aed3a
BP,155921,3,a423fa7862a329ed
BP,155921,3,bdb8b0e62f40bcf2
BP,155921,3,d9a3a6a909e7df82
BP,155921,3,254bf7e2512ca599
BP,155921,3,ffb2b8db7dbc8411
BP,155921,3,84d57d2109ba58e4
BP,155921,3,fa59d2e1b76c4a24
BP,155921,3,f345a56eda1f9ed1
BP,155921,3,51a739465b8fb046
BP,155921,3,c8a6ffeb23a0bcc2
BP,155921,3,8ce2ac39e721d1aa
BP,155921,3,bfa7684fc1fda64f
BP,155921,3,704fc6f6bf74b603
BP,155921,3,294703df92b6533e
BP,155921,3,4e73fc9e25c9b546
BP,155921,3,cdf8056c8a18ea40
BP,155921,3,5c166731d1d5fbd1
BP,155921,3,eb33bd3082722c29
BP,155921,3,df85bbf19f37e424
BP,155921,3,191dc47465a7947d
BP,155921,3,0bfe8db0dedc76b3
BP,155921,3,858435d031f0b505
BP,155921,3,703f3002cd07af0a
BP,155921,3,55c8024e6aeb8645
BP,155921,3,43852ce0a368a901
BP,155921,3,170f4449e685df34
BP,155921,3,80831f6aeb20c04c
BP,155921,3,44ffaf6d189cbdca
BP,155921,3,b5e65446da21df7b
BP,155921,3,15dc1799c184fc3a
BP,155921,3,9d9213331ad7dd69
BP,155921,3,dccc576d9bc9c6e4
BP,155921,3,67e6ec7793b157fe
BP,155921,3,0566ed2ca037d109
BP,155921,3,dacc5a494d43359d
BP,155921,3,507af5394b70a4dd
BP,155921,3,c69bbc62cd828d2d
BP,155921,3,cc095c60c1836798
BP,155921,3,1fc3aa577dd17d3b
BP,155921,3,b5dd8ce73ca20571
BP,155921,3,8a2c6f5152aeaf90
BP,155921,3,d353d5dcb1e2552e
BP,155921,3,122d16835afa0b32
BP,155921,3,fb63e1a1688b55ca
BP,155921,3,37b0cdc532627e1d
BP,155921,3,b1319c6a60fe25e2
BP,155921,3,1b71b86063cd1faf
BP,155921,3,bab15f498e85e69e
BP,155921,3,77a9b05cb0bdbcf2
BP,155921,4,109e14b8ccc21bad
BP,155921,4,5a784610642d15eb
BP,155921,4,39e5721af352391f
BP,155921,4,e50fafc498d71881
BP,155921,4,2ce4216d747e06bd
BP,155921,4,99b606925e9e5da5
BP,155921,4,737616fbf4da4cc5
BP,155921,4,b6dd725c12a98df4
BP,155921,4,99a96142eb77b2ba
BP,155921,4,f69839108b2c85f5
BP,155921,4,406f42dfb5421781
BP,155921,4,61c102ab7cc7f620
BP,155921,4,22e588a0e0c13f2f
BP,155921,4,ba30679f20d1f8ba
BP,155921,4,0fa0546f61f02ef1
BP,155921,4,0fa842aec22f7c26
BP,155921,4,674109bd60361b81
BP,155921,4,85ee7a988bff9651
BP,155921,4,05a9d42bc9a52c2f
BP,155921,4,7d36bc477a0e0230
BP,155921,4,63f496241ad8d2c6
BP,155921,4,b1d9860b27f6967a
BP,155921,4,2c83afeaea6f67e0
BP,155921,4,387c8149db0709ba
BP,196613,0,7ad5ac5e8cdc02e6
BP,196613,0,1e24cffad4644246
BP,196613,0,5a784610642d15eb
BP,196613,0,5fb4f83d5104f22b
BP,196613,0,b6dd725c12a98df4
BP,196613,0,99a96142eb77b2ba
BP,196613,0,f69839108b2c85f5
BP,196613,0,406f42dfb5421781
BP,196613,0,61c102ab7cc7f620
BP,196613,0,22e588a0e0c13f2f
BP,196613,0,ba30679f20d1f8ba
BP,196613,0,0fa0546f61f02ef1
BP,196613,0,0fa842aec22f7c26
BP,196613,0,674109bd60361b81
BP,196613,0,85ee7a988bff9651
BP,196613,0,05a9d42bc9a52c2f
BP,196613,0,7d36bc477a0e0230
BP,196613,0,63f496241ad8d2c6
BP,196613,0,6ff6056da7469332
BP,196613,0,2c83afeaea6f67e0
BP,196613,0,387c8149db0709ba
BP,196613,1,d0c6d7ffec5d58c3
BP,196613,1,b0a65fc4ebf31640
BP,196613,1,5336017ed36fd28f
BP,196613,1,b3f035de0e7be945
BP,196613,1,cea7fbe06302870b
BP,196613,1,5a6a2f3bf13a7d55
BP,196613,1,c61ecb085d8df371
BP,196613,1,51b8bb1801b4ae88
BP,196613,1,ca0b84d43992b03d
BP,196613,1,d4a3b4eae29da29b
BP,196613,1,543ce167788b1f3e
BP,196613,1,99c8495117d32d72
BP,196613,1,43615d8a80044b19
BP,196613,1,a1da294020dc650f
BP,196613,1,26cbed1ed70886fe
BP,196613,1,ac59b211ab998989
BP,196613,1,accd65ebb9e6d5bd
BP,196613,1,e9d3da7afd6b290d
BP,196613,1,27060368c02ab464
BP,196613,1,2b26c5cb857798ec
BP,196613,1,6d2db02e8c8d2145
BP,196613,1,e0636d7b6780bb2a
BP,196613,1,417462f881b93736
BP,196613,1,34036c3b224f37de
BP,196613,1,4fcbabe856178b53
BP,196613,1,492b7bdb48f08e41
BP,196613,1,40257a80e298d1e7
BP,196613,1,d107e225e8d2b292
BP,196613,1,b4fd2a49bcbf3d25
BP,196613,1,754e9dee83f16dd1
BP,196613,1,a1364f38e19a30c6
BP,196613,1,ad16fef01adc5432
BP,196613,1,a1d1bb9061317e70
BP,196613,1,818f1d78902d2a6d
BP,196613,1,bd699b6a4b2c634b
BP,196613,1,b3438d0b792d8a58
BP,196613,1,d5e6b9dc02e2364e
BP,196613,1,180c0a7827d406e0
BP,196613,1,80b108c560581bbc
BP,196613,1,77428ad94822a7d6
BP,196613,1,372778033811af53
BP,196613,1,71f1d37fa44d6ef0
BP,196613,1,d2ff63c7d43f2890
BP,196613,1,c03f1b0e1f75ae1a
BP,196613,1,61603b00599eb0d5
BP,196613,1,526c53b206ce2492
BP,196613,1,80c76967ecfe2dc2
BP,196613,1,3983850cd373720d
BP,196613,1,73b19eb785eed129
BP,196613,1,0b799dd83f93411e
BP,196613,1,d4c1e23a091d0960
BP,196613,1,e4ee526bda3920c2
BP,196613,1,4c5b14e536cc1334
BP,196613,1,a00500e26347bc0e
BP,196613,1,5b0255daf759f446
BP,196613,1,4998005b3d3757a8
BP,196613,1,63d11bbb7d28eb4c
BP,196613,1,e4ff4ed289f6bac3
BP,196613,1,124db139bedffacf
BP,196613,1,cb4273c993344634
BP,196613,1,4759cae892250232
BP,196613,1,830861fddf3571ee
BP,196613,1,259e68bb986bb484
BP,196613,1,f05bea29ca56cbf9
BP,196613,1,f12454cc3399cc0a
BP,196613,1,3036e4501bafe469
BP,196613,1,441f7ec26db26341
BP,196613,1,aecd3ccb7d054807
BP,196613,1,d03955e5b6e2a037
BP,196613,1,7116690484a80f02
BP,196613,1,7a1bd3c43d402b71
BP,196613,1,121733ad19650ea3
BP,196613,1,86b7dbca3f1859b3
BP,196613,1,933a525b1e59cce1
BP,196613,1,7eb305c480cbd81c
BP,196613,1,05a73c87538dea60
BP,196613,1,6b4bf3c0659fff4c
BP,196613,1,b05b2b6bc2a58cde
BP,196613,1,05c3538c00451781
BP,196613,1,459b90da32d12340
BP,196613,1,5add2b02243710d8
BP,196613,1,2a41f3ebef788345
BP,196613,1,099cafc95a99e1db
BP,196613,1,e29c1cf41e785a94
BP,196613,1,61f97ff8feb9afab
BP,196613,1,4481c5627928131d
BP,196613,1,929b2959e4085af9
BP,196613,1,4ae2a0e0a04e22fc
BP,196613,1,f76d16dc48d41e27
BP,196613,1,ca38ba3a8898a577
BP,196613,1,b88c40d83066f30e
BP,196613,1,86753032d9fa008d
BP,196613,1,658588ea845cbbcd
BP,196613,1,76711e79e2ec01ef
BP,196613,1,b7bc69fc789d9b76
BP,196613,1,0abbcf420e23e3c7
BP,196613,1,2a8b4d6487a26c27
BP,196613,1,f1cc02a92c08ce5a
BP,196613,1,652810ec40425074
BP,196613,1,85fadbeefe51dede
BP,196613,1,0cf584c973b138fa
BP,196613,1,0f586242f57f20f6
BP,196613,1,0711104e8af2bd43
BP,196613,1,4e816bdc993aa716
BP,196613,1,e72207fd3b60a738
BP,196613,1,fb395fc20ad441b8
BP,196613,1,ef0fb6c09176b30a
BP,196613,1,c76f680dd1db3efb
BP,196613,1,37d3f22ee01322f7
BP,196613,1,7a8033cd695a09db
BP,196613,1,2ac1b0d9b7b83726
BP,196613,1,babf32ba697c93fe
BP,196613,1,e492acad0936b2a0
BP,196613,1,9dc40db146f97226
BP,196613,1,03d73939b53041d6
BP,196613,1,9171eebe4dc639c6
BP,196613,1,30c8114cc055d4b0
BP,196613,1,472fc6d9059f3c8e
BP,196613,1,0e0915921cb03b61
BP,196613,1,af971a0b699f29ae
BP,196613,1,7aec532eedbe347b
BP,196613,1,2e7197a7efd242c9
BP,196613,1,10ca3ef9ac6e7fb0
BP,196613,1,8226bcd57b08d4d8
BP,196613,1,44012938119033a5
BP,196613,1,1651b0a3bd1a4142
BP,196613,1,1052c7804a84fd4c
BP,196613,1,2b9cc1a4fc46c0df
BP,196613,1,4cb2ffb4332ca124
BP,196613,1,5169c377777d282b
BP,196613,1,9f969f90406c97a4
BP,196613,1,4abc313a070a9a28
BP,196613,1,070747aae4dc989c
BP,196613,1,baac03fd9286c92d
BP,196613,1,cfb0cf901791360b
BP,196613,1,ee5f0a21fa37baaf
BP,196613,1,82698a4f2e790a6d
BP,196613,1,c10ed3995524f655
BP,196613,1,eca00c5272e79ac3
BP,196613,1,4315ec27cd357b25
BP,196613,1,070f43b8e6fa53cc
BP,196613,1,e7db5fe739b82aaa
BP,196613,1,0973c72a8ec4d510
BP,196613,1,74533b00ce755709
BP,196613,1,953982f25eb9e94b
BP,196613,1,ef98d769b40a6680
BP,196613,1,d4654555019558c8
BP,196613,1,3d131164e9134388
BP,196613,1,fc3b90c2ca040eec
BP,196613,1,9c591c4879c888e6
BP,196613,1,6bc4387fd909f896
BP,196613,1,f6224659cc3203a0
BP,196613,1,366305791859fdae
BP,196613,1,131a35ee31599805
BP,196613,1,3634230792682dfb
BP,196613,1,1fb1bf5499f79939
BP,196613,1,3ebd75679757f580
BP,196613,1,7ef399519f43aa6d
BP,196613,1,37eb96b580471a48
BP,196613,1,75aae14ed0f55590
BP,196613,1,029b985df55ed873
BP,196613,1,d294b06ac73b17a1
BP,196613,1,48baeebc441c0964
BP,196613,1,260b9aefd9095405
BP,196613,1,8f1b939eaa272815
BP,196613,1,e44232cadf8273f0
BP,196613,1,2c1daccff16e80f6
BP,196613,1,097373dc643a54b1
BP,196613,1,497c56cf4bb6611a
BP,196613,1,0ecd4ac4bf29bfb9
BP,196613,1,4530a24acedc122d
BP,196613,1,99b0e9e1b01ed092
BP,196613,1,430134a653758ce5
BP,196613,1,aaa0149134925bf9
BP,196613,1,6514717fd97a63b2
BP,196613,1,478c3b52611a0cbd
BP,196613,1,fe998c00ebf02b5b
BP,196613,1,c65334e8d3752fcf
BP,196613,1,1d1d29abd9feee01
BP,196613,1,c45da4f8ae11b5f9
BP,196613,1,9f79dc8e188218c9
BP,196613,1,8d45ecdd34fd5e01
BP,196613,1,7a309c8298db1979
BP,196613,1,d4b5d2329ee89d8e
BP,196613,1,a05f6146165f6248
BP,196613,1,39d3ae4f08f0d5ec
BP,196613,1,4b954c190b025231
BP,196613,1,d52651311f410143
BP,196613,1,f4f56d69fbd053d6
BP,196613,1,e5a1360bc75a4ef8
BP,196613,1,0f38fd2187cd586a
BP,196613,1,07f266b8e7152849
BP,196613,1,dfe8526ff61dd220
BP,196613,1,22146f154f5452a4
BP,196613,1,fc75ac98d4051976
BP,196613,1,e9c503b9e624ab1c
BP,196613,1,152fe9af83f615b7
BP,196613,1,4348c0181a7fb6a9
BP,196613,1,9fa143d673f003c5
BP,196613,1,b4fc1c58dae55cf7
BP,196613,1,29a2dce9745c7f69
BP,196613,1,b140586b970b08e2
BP,196613,1,e83d4c4ecf844dc8
BP,196613,1,06bdf21af7ecb9fc
BP,196613,1,e5fea5a198d61ae9
BP,196613,1,5481e24299d25612
BP,196613,1,12aa9245de21a311
BP,196613,1,bce6d77fae97e9e6
BP,196613,1,566a8c43ddcbece4
BP,196613,1,60eaef2e90387f04
BP,196613,1,fab613e45cd89915
BP,196613,1,2395ee06cb8f62e4
BP,196613,1,b8ff7dd7bbffc321
BP,196613,1,1531b6ddd3ece892
BP,196613,1,ba23ebfd4dec23af
BP,196613,1,22e6722fa25f0f33
BP,196613,1,ad437829e7500cdc
BP,196613,1,49d8fec581f11a1b
BP,196613,1,a5f895ea5f21c7c6
BP,196613,1,a978e980884d447d
BP,196613,1,caae8f09ae6fe8a6
BP,196613,1,e6726c67347a268e
BP,196613,1,e3d66fb2c7ee2b84
BP,196613,1,e4e934e4aa6ddbdc
BP,196613,1,96867429887d5f2b
BP,196613,1,c093459038ad6cd5
BP,196613,1,2e2178a0708ace3c
BP,196613,1,b0550b120cab19f8
BP,196613,1,e43827453c7e2411
BP,196613,1,04eecc879c91a669
BP,196613,1,b1583a60dbdcf380
BP,196613,1,79d8f74457709963
BP,196613,1,24bf78605a7f0d14
BP,196613,1,8fb7e7e0342b2039
BP,196613,1,7f5406552bbba735
BP,196613,1,a5aca35a0cadf96f
BP,196613,1,69e195a80b7d4973
BP,196613,1,8dcd9e7787055e69
BP,196613,1,9c6851ce5dc22a05
BP,196613,1,4c356ac82685bc22
BP,196613,1,f11938d8b12f2f1b
BP,196613,1,38f978381235fa0f
BP,196613,1,f547ce1a9dc13fd7
BP,196613,1,d39be844f6c19a24
BP,196613,1,07308b2583d8c4cd
BP,196613,1,adbb998b58b05ba5
BP,196613,1,27ba9ec8c5c1679d
BP,196613,1,0c8dfe9e52efea32
BP,196613,1,94001676fbdcec6a
BP,196613,1,14c81e86e596e17b
BP,196613,1,8af48925d3a43351
BP,196613,1,63e05c745b39b25c
BP,196613,1,f646cbd900a6ac93
BP,196613,1,405c419d213255a8
BP,196613,1,d53530d6840d94f0
BP,196613,1,5c3c61f9e9a49367
BP,196613,1,ef9024103123aa88
BP,196613,1,c06060f01ef3c33c
BP,196613,1,3069581a1411c359
BP,196613,1,ebc272cce63b19b5
BP,196613,1,89a2a9e8ba87e99e
BP,196613,1,8a5480f4c0ec7738
BP,196613,1,ee4424ee933309ba
BP,196613,1,c41d53a5c2625ad2
BP,196613,1,da1466fd10c76caa
BP,196613,1,55bd7b92214b4418
BP,196613,1,27dac1aeb58ec2cb
BP,196613,1,a9cb3ebbf14bf055
BP,196613,1,62607940a098ba04
BP,196613,1,80726b41095fe6a4
BP,196613,1,f8b348637519af6d
BP,196613,1,cd3067ece810d420
BP,196613,1,6284e51a92450ff1
BP,196613,1,f863fb3745a236ed
BP,196613,1,354fe634113a078e
BP,196613,1,bd881878983afa89
BP,196613,1,cb88f30f510766d7
BP,196613,1,f05d823b963a6c6e
BP,196613,1,bad44c25ba1e0e47
BP,196613,1,0e9aecd4edb08739
BP,196613,1,fadca46ff2b140c2
BP,196613,1,33dd4fb571535d39
BP,196613,1,c1531bb6a4c0d5dd
BP,196613,1,491a11bbcf7316ac
BP,196613,1,bbf8561763b5fe90
BP,196613,1,23c2e4b4e083bf41
BP,196613,1,94b61f812fd04ae1
BP,196613,1,15d9f57efc2109b2
BP,196613,1,3f970389a16936b0
BP,196613,1,9581b7e59a4fde6b
BP,196613,1,f3f59bcc6a57bf85
BP,196613,1,baac592a9be0ecbc
BP,196613,1,5ecd5d29fae16278
BP,196613,1,1ae066ee87478b63
BP,196613,1,2ff88a5f6fb6d0e9
BP,196613,1,01ee039385fc7c75
BP,196613,1,60987e3ba2606ed9
BP,196613,1,13a35b2f0047182d
BP,196613,1,1ebc2c5cdec573d0
BP,196613,1,481ba480489b2751
BP,196613,1,32de9d815d2846a5
BP,196613,1,af1d270486f91d93
BP,196613,1,969dd6704f8fe61e
BP,196613,1,6cee88301287bd45
BP,196613,1,08c04f254321daed
BP,196613,1,f45cda7484a41d88
BP,196613,1,6488e219e288487a
BP,196613,1,ed6d5074650c9b8b
BP,196613,1,084576c4c03d3466
BP,196613,1,0656e632ce1a7169
BP,196613,1,b0cdf84d11493940
BP,196613,1,64c611b30ca8ba77
BP,196613,1,be97fe183683ad4a
BP,196613,1,c0e9076f69d33056
BP,196613,1,ab8854b327c314cc
BP,196613,1,e0e5be665a068d70
BP,196613,1,8277f2b9e9f965fa
BP,196613,1,258319f8cf1775bd
BP,196613,1,7bcc49d3346d5a47
BP,196613,1,7bb5ec1010ef08b4
BP,196613,1,5df28757679cae26
BP,196613,1,f8ed87d3cf7f4281
BP,196613,1,3ab42c60b155d54b
BP,196613,1,96048bf491b8182c
BP,196613,1,32442e4168bf1ab2
BP,196613,1,590ee18b85260498
BP,196613,1,bc71259110d506f1
BP,196613,1,0a152227108b8080
BP,196613,1,dea5592aab4c6cf0
BP,196613,1,a3bc2e7b55a95970
BP,196613,1,2cf8480c768c5553
BP,196613,1,2ce4216d747e06bd
BP,196613,1,b5e24d8ee05b0308
BP,196613,1,224867547c5f97b1
BP,196613,1,247f57741141188a
BP,196613,1,62e7cdd6fa003391
BP,196613,1,c950dc2982e96b83
BP,196613,1,e750e112570d7faa
BP,196613,1,894c0f669179ac88
BP,196613,1,ca1d836f90fd7326
BP,196613,1,1d5bd9571e76b6b9
BP,196613,1,12e5b227c6778b31
BP,196613,1,cc0aa04a7d4e6736
BP,196613,1,9d3ad92a7e474a02
BP,196613,1,85c3345fc4f19f94
BP,196613,1,326289072f176f80
BP,196613,1,9586db05ac5e234b
BP,196613,1,210a7fd223b28532
BP,196613,1,dc13ffb6702915b0
BP,196613,1,b602105bc79ff59a
BP,196613,1,7e60dab22fb414cd
BP,196613,1,c6571910bb94ca86
BP,196613,1,62210f1ed9c0290a
BP,196613,1,3bb58e5ef9b428b7
BP,196613,1,786daf3e0a82df88
BP,196613,1,25190cd2ec1fac11
BP,196613,1,ecd9159fe62e40e4
BP,196613,1,4e8be969a97aed3a
BP,196613,1,a423fa7862a329ed
BP,196613,1,bdb8b0e62f40bcf2
BP,196613,1,d9a3a6a909e7df82
BP,196613,1,254bf7e2512ca599
BP,196613,1,ffb2b8db7dbc8411
BP,196613,1,84d57d2109ba58e4
BP,196613,1,fa59d2e1b76c4a24
BP,196613,1,f345a56eda1f9ed1
BP,196613,1,51a739465b8fb046
BP,196613,1,c8a6ffeb23a0bcc2
BP,196613,1,8ce2ac39e721d1aa
BP,196613,1,bfa7684fc1fda64f
BP,196613,1,704fc6f6bf74b603
BP,196613,1,294703df92b6533e
BP,196613,1,4e73fc9e25c9b546
BP,196613,1,cdf8056c8a18ea40
BP,196613,1,5c166731d1d5fbd1
BP,196613,1,eb33bd3082722c29
BP,196613,1,df85bbf19f37e424
BP,196613,1,191dc47465a7947d
BP,196613,1,0bfe8db0dedc76b3
BP,196613,1,858435d031f0b505
BP,196613,1,703f3002cd07af0a
BP,196613,1,55c8024e6aeb8645
BP,196613,1,43852ce0a368a901
BP,196613,1,170f4449e685df34
BP,196613,1,80831f6aeb20c04c
BP,196613,1,44ffaf6d189cbdca
BP,196613,1,b5e65446da21df7b
BP,196613,1,15dc1799c184fc3a
BP,196613,1,9d9213331ad7dd69
BP,196613,1,dccc576d9bc9c6e4
BP,196613,1,67e6ec7793b157fe
BP,196613,1,0566ed2ca037d109
BP,196613,1,dacc5a494d43359d
BP,196613,1,507af5394b70a4dd
BP,196613,1,c69bbc62cd828d2d
BP,196613,1,cc095c60c1836798
BP,196613,1,a0d4af2988976e92
BP,196613,1,8c5403780d088101
BP,196613,1,a578b16e226e3955
BP,196613,1,8aacfa427d94a6c3
BP,196613,2,80c823b698d1e2e3
BP,196613,2,303084e36adee19e
BP,196613,2,8cb0deef770e3ca0
BP,196613,2,39e5721af352391f
BP,196613,2,e50fafc498d71881
BP,196613,2,e5564b444fdaf53f
BP,196613,2,4ab68efc604014ca
BP,196613,2,001f596e6e90825f
BP,196613,2,8dbcbd7ca36dfcac
BP,196613,2,8af24844744ac7f2
BP,196613,2,99b606925e9e5da5
BP,196613,2,737616fbf4da4cc5
BP,196613,2,da6bc9ba440520e9
BP,196613,2,b33dc03c40457417
BP,196613,2,60dbe004cb66ba19
BP,196613,2,e5801ade018e294c
BP,196613,2,30c4c895c1f14a00
BP,196613,2,a336d7efac6d497f
BP,196613,2,def49c5f51a54d90
BP,196613,2,3ca8bfeb40f3602a
BP,196613,2,13bdb1b842aedadd
BP,196613,2,fe42258fb5d2f4c0
BP,196613,2,96334e652839c42f
BP,196613,3,109e14b8ccc21bad
BP,196613,3,7ae1cf22d55d9cc1
BP,196613,3,b3e96da836b2a8d7
BP,196613,3,26c34ebae098cb88
BP,196613,3,24e25ef33361b113
BP,196613,3,867065d232568bc2
BP,196613,3,1d24c65c4467674c
BP,196613,3,bd3fc29ffabf7ddb
BP,196613,3,1ae01662fc857c0c
BP,196613,3,0ff595d576155f6c
BP,196613,3,14adb12855160ba8
BP,196613,3,83e92ef55cb48b32
BP,196613,3,b12fc13eb540e876
BP,196613,3,b20623fec7beda7f
BP,196613,3,c85d5c123ee3faf7
BP,196613,3,6bb24aa7ebde5cf2
BP,196613,3,ac87efdb82643345
BP,196613,3,bc9a63898c4a9f31
BP,196613,3,cf940348affe2b22
BP,196613,3,9556abeb71c0402e
BP,196613,3,5148f598b8fefae0
BP,196613,3,62448b158626bc3b
BP,196613,3,a726b022cfb7eec7
BP,196613,3,f457e9a3d6532cc8
BP,196613,3,9754896d384a387f
BP,196613,3,e48388064c30fbb4
BP,196613,3,cd097fce666bd34a
BP,196613,3,fbd013078d5396c3
BP,196613,3,196797dc24f71fda
BP,196613,3,575484a7b0e30ce4
BP,196613,3,8a78c3b1777b0625
BP,196613,3,ceb21275e22d7bc5
BP,196613,3,7054e94bc4c6833f
BP,196613,3,a4d656d2b626c103
BP,196613,4,0f09c750ad725e62
BP,196613,4,2d78f120adfe3686
BP,196613,4,4f2be71378594542
BP,196613,4,b35f13943d04ca50
BP,196613,4,d871da32cd728745
BP,196613,4,ee9ed6c5b9f7b397
BP,196613,4,9ed4efa5a12f8c67
BP,196613,4,343f9328b4ddf79c
BP,196613,4,0f9c166921b14844
BP,196613,4,adf989d8af50b9a8
BP,196613,4,71dc32e0ed7e16a2
BP,196613,4,9f318a8d2aacfaf8
BP,196613,4,519ef744e75b8881
BP,196613,4,b67683ce7ad0ddd2
BP,196613,4,24f200d78a2ccb55
BP,196613,4,815c365f83ac70cf
BP,196613,4,9a5a0eda0a6fd590
BP,196613,4,e7c3a51331914d65
BP,196613,4,a155938e4ae9d704
BP,196613,4,5fe61fb5cb043ac8
BP,196613,4,75373a48cee6831b
BP,196613,4,6b5aa379bd39e0ef
BP,196613,4,67f2cc5a43a622c3
BP,196613,4,f9634fd0d4f54298
BP,196613,4,12a3128354fdff0d
BP,196613,4,69c48d6302dc0419
BP,196613,4,933cfc281ff52df6
BP,196613,4,dfd12fd9a63c1bed
BP,196613,4,7e28c59c22bb78a1
BP,196613,4,f900d30f4f9cb904
BP,196613,4,cf100c942f2bcf49
BP,196613,4,1fc3aa577dd17d3b
BP,196613,4,b5dd8ce73ca20571
BP,196613,4,8a2c6f5152aeaf90
BP,196613,4,d353d5dcb1e2552e
BP,196613,4,122d16835afa0b32
BP,196613,4,fb63e1a1688b55ca
BP,196613,4,37b0cdc532627e1d
BP,196613,4,b1319c6a60fe25e2
BP,196613,4,1b71b86063cd1faf
BP,196613,4,bab15f498e85e69e
BP,196613,4,77a9b05cb0bdbcf2
BP,196613,4,b1d9860b27f6967a
BP,262147,0,7ae1cf22d55d9cc1
BP,262147,0,2d78f120adfe3686
BP,262147,0,d4a3b4eae29da29b
BP,262147,0,5fe61fb5cb043ac8
BP,262147,0,75373a48cee6831b
BP,262147,0,6b5aa379bd39e0ef
BP,262147,0,26c34ebae098cb88
BP,262147,0,24e25ef33361b113
BP,262147,0,867065d232568bc2
BP,262147,0,1d24c65c4467674c
BP,262147,0,bd3fc29ffabf7ddb
BP,262147,0,1ae01662fc857c0c
BP,262147,0,5fb4f83d5104f22b
BP,262147,0,0ff595d576155f6c
BP,262147,0,ac87efdb82643345
BP,262147,0,bc9a63898c4a9f31
BP,262147,0,cf940348affe2b22
BP,262147,0,f9634fd0d4f54298
BP,262147,0,12a3128354fdff0d
BP,262147,0,5148f598b8fefae0
BP,262147,0,f457e9a3d6532cc8
BP,262147,0,9754896d384a387f
BP,262147,0,e48388064c30fbb4
BP,262147,0,cd097fce666bd34a
BP,262147,0,fbd013078d5396c3
BP,262147,0,196797dc24f71fda
BP,262147,0,575484a7b0e30ce4
BP,262147,0,8a78c3b1777b0625
BP,262147,0,ceb21275e22d7bc5
BP,262147,0,7054e94bc4c6833f
BP,262147,0,b1d9860b27f6967a
BP,262147,1,1e24cffad4644246
BP,262147,1,5a784610642d15eb
BP,262147,1,67f2cc5a43a622c3
BP,262147,1,14adb12855160ba8
BP,262147,1,8dbcbd7ca36dfcac
BP,262147,1,8af24844744ac7f2
BP,262147,1,69c48d6302dc0419
BP,262147,1,9556abeb71c0402e
BP,262147,1,dfd12fd9a63c1bed
BP,262147,1,7e28c59c22bb78a1
BP,262147,1,f900d30f4f9cb904
BP,262147,1,62448b158626bc3b
BP,262147,1,a726b022cfb7eec7
BP,262147,1,e5801ade018e294c
BP,262147,1,2c83afeaea6f67e0
BP,262147,1,96334e652839c42f
BP,262147,1,387c8149db0709ba
BP,262147,2,0f09c750ad725e62
BP,262147,2,109e14b8ccc21bad
BP,262147,2,b3e96da836b2a8d7
BP,262147,2,7ad5ac5e8cdc02e6
BP,262147,2,d0c6d7ffec5d58c3
BP,262147,2,b0a65fc4ebf31640
BP,262147,2,5336017ed36fd28f
BP,262147,2,b3f035de0e7be945
BP,262147,2,cea7fbe06302870b
BP,262147,2,5a6a2f3bf13a7d55
BP,262147,2,c61ecb085d8df371
BP,262147,2,4f2be71378594542
BP,262147,2,b35f13943d04ca50
BP,262147,2,d871da32cd728745
BP,262147,2,ee9ed6c5b9f7b397
BP,262147,2,9ed4efa5a12f8c67
BP,262147,2,343f9328b4ddf79c
BP,262147,2,0f9c166921b14844
BP,262147,2,adf989d8af50b9a8
BP,262147,2,71dc32e0ed7e16a2
BP,262147,2,9f318a8d2aacfaf8
BP,262147,2,519ef744e75b8881
BP,262147,2,b67683ce7ad0ddd2
BP,262147,2,24f200d78a2ccb55
BP,262147,2,815c365f83ac70cf
BP,262147,2,9a5a0eda0a6fd590
BP,262147,2,e7c3a51331914d65
BP,262147,2,a155938e4ae9d704
BP,262147,2,ca0b84d43992b03d
BP,262147,2,543ce167788b1f3e
BP,262147,2,99c8495117d32d72
BP,262147,2,43615d8a80044b19
BP,262147,2,a1da294020dc650f
BP,262147,2,26cbed1ed70886fe
BP,262147,2,ac59b211ab998989
BP,262147,2,accd65ebb9e6d5bd
BP,262147,2,e9d3da7afd6b290d
BP,262147,2,27060368c02ab464
BP,262147,2,2b26c5cb857798ec
BP,262147,2,6d2db02e8c8d2145
BP,262147,2,e0636d7b6780bb2a
BP,262147,2,417462f881b93736
BP,262147,2,34036c3b224f37de
BP,262147,2,4fcbabe856178b53
BP,262147,2,492b7bdb48f08e41
BP,262147,2,40257a80e298d1e7
BP,262147,2,d107e225e8d2b292
BP,262147,2,b4fd2a49bcbf3d25
BP,262147,2,754e9dee83f16dd1
BP,262147,2,a1364f38e19a30c6
BP,262147,2,ad16fef01adc5432
BP,262147,2,a1d1bb9061317e70
BP,262147,2,818f1d78902d2a6d
BP,262147,2,bd699b6a4b2c634b
BP,262147,2,b3438d0b792d8a58
BP,262147,2,d5e6b9dc02e2364e
BP,262147,2,180c0a7827d406e0
BP,262147,2,80b108c560581bbc
BP,262147,2,77428ad94822a7d6
BP,262147,2,372778033811af53
BP,262147,2,71f1d37fa44d6ef0
BP,262147,2,d2ff63c7d43f2890
BP,262147,2,c03f1b0e1f75ae1a
BP,262147,2,61603b00599eb0d5
BP,262147,2,526c53b206ce2492
BP,262147,2,80c76967ecfe2dc2
BP,262147,2,3983850cd373720d
BP,262147,2,73b19eb785eed129
BP,262147,2,0b799dd83f93411e
BP,262147,2,d4c1e23a091d0960
BP,262147,2,e4ee526bda3920c2
BP,262147,2,4c5b14e536cc1334
BP,262147,2,a00500e26347bc0e
BP,262147,2,5b0255daf759f446
BP,262147,2,4998005b3d3757a8
BP,262147,2,63d11bbb7d28eb4c
BP,262147,2,e4ff4ed289f6bac3
BP,262147,2,124db139bedffacf
BP,262147,2,cb4273c993344634
BP,262147,2,4759cae892250232
BP,262147,2,830861fddf3571ee
BP,262147,2,259e68bb986bb484
BP,262147,2,f05bea29ca56cbf9
BP,262147,2,f12454cc3399cc0a
BP,262147,2,3036e4501bafe469
BP,262147,2,441f7ec26db26341
BP,262147,2,aecd3ccb7d054807
BP,262147,2,d03955e5b6e2a037
BP,262147,2,7116690484a80f02
BP,262147,2,7a1bd3c43d402b71
BP,262147,2,121733ad19650ea3
BP,262147,2,86b7dbca3f1859b3
BP,262147,2,933a525b1e59cce1
BP,262147,2,7eb305c480cbd81c
BP,262147,2,05a73c87538dea60
BP,262147,2,303084e36adee19e
BP,262147,2,6b4bf3c0659fff4c
BP,262147,2,b05b2b6bc2a58cde
BP,262147,2,05c3538c00451781
BP,262147,2,459b90da32d12340
BP,262147,2,5add2b02243710d8
BP,262147,2,2a41f3ebef788345
BP,262147,2,099cafc95a99e1db
BP,262147,2,e29c1cf41e785a94
BP,262147,2,61f97ff8feb9afab
BP,262147,2,4481c5627928131d
BP,262147,2,929b2959e4085af9
BP,262147,2,4ae2a0e0a04e22fc
BP,262147,2,f76d16dc48d41e27
BP,262147,2,ca38ba3a8898a577
BP,262147,2,b88c40d83066f30e
BP,262147,2,86753032d9fa008d
BP,262147,2,658588ea845cbbcd
BP,262147,2,76711e79e2ec01ef
BP,262147,2,b7bc69fc789d9b76
BP,262147,2,0abbcf420e23e3c7
BP,262147,2,2a8b4d6487a26c27
BP,262147,2,f1cc02a92c08ce5a
BP,262147,2,652810ec40425074
BP,262147,2,85fadbeefe51dede
BP,262147,2,0cf584c973b138fa
BP,262147,2,0f586242f57f20f6
BP,262147,2,0711104e8af2bd43
BP,262147,2,4e816bdc993aa716
BP,262147,2,e72207fd3b60a738
BP,262147,2,fb395fc20ad441b8
BP,262147,2,ef0fb6c09176b30a
BP,262147,2,c76f680dd1db3efb
BP,262147,2,37d3f22ee01322f7
BP,262147,2,7a8033cd695a09db
BP,262147,2,2ac1b0d9b7b83726
BP,262147,2,babf32ba697c93fe
BP,262147,2,e492acad0936b2a0
BP,262147,2,9dc40db146f97226
BP,262147,2,03d73939b53041d6
BP,262147,2,9171eebe4dc639c6
BP,262147,2,30c8114cc055d4b0
BP,262147,2,472fc6d9059f3c8e
BP,262147,2,0e0915921cb03b61
BP,262147,2,af971a0b699f29ae
BP,262147,2,7aec532eedbe347b
BP,262147,2,2e7197a7efd242c9
BP,262147,2,10ca3ef9ac6e7fb0
BP,262147,2,8226bcd57b08d4d8
BP,262147,2,44012938119033a5
BP,262147,2,1651b0a3bd1a4142
BP,262147,2,1052c7804a84fd4c
BP,262147,2,2b9cc1a4fc46c0df
BP,262147,2,4cb2ffb4332ca124
BP,262147,2,5169c377777d282b
BP,262147,2,9f969f90406c97a4
BP,262147,2,4abc313a070a9a28
BP,262147,2,070747aae4dc989c
BP,262147,2,baac03fd9286c92d
BP,262147,2,cfb0cf901791360b
BP,262147,2,ee5f0a21fa37baaf
BP,262147,2,82698a4f2e790a6d
BP,262147,2,c10ed3995524f655
BP,262147,2,eca00c5272e79ac3
BP,262147,2,4315ec27cd357b25
BP,262147,2,070f43b8e6fa53cc
BP,262147,2,e7db5fe739b82aaa
BP,262147,2,0973c72a8ec4d510
BP,262147,2,74533b00ce755709
BP,262147,2,953982f25eb9e94b
BP,262147,2,ef98d769b40a6680
BP,262147,2,d4654555019558c8
BP,262147,2,3d131164e9134388
BP,262147,2,fc3b90c2ca040eec
BP,262147,2,9c591c4879c888e6
BP,262147,2,6bc4387fd909f896
BP,262147,2,f6224659cc3203a0
BP,262147,2,366305791859fdae
BP,262147,2,131a35ee31599805
BP,262147,2,3634230792682dfb
BP,262147,2,1fb1bf5499f79939
BP,262147,2,3ebd75679757f580
BP,262147,2,7ef399519f43aa6d
BP,262147,2,37eb96b580471a48
BP,262147,2,75aae14ed0f55590
BP,262147,2,029b985df55ed873
BP,262147,2,d294b06ac73b17a1
BP,262147,2,48baeebc441c0964
BP,262147,2,260b9aefd9095405
BP,262147,2,8f1b939eaa272815
BP,262147,2,e44232cadf8273f0
BP,262147,2,2c1daccff16e80f6
BP,262147,2,097373dc643a54b1
BP,262147,2,497c56cf4bb6611a
BP,262147,2,0ecd4ac4bf29bfb9
BP,262147,2,4530a24acedc122d
BP,262147,2,99b0e9e1b01ed092
BP,262147,2,430134a653758ce5
BP,262147,2,aaa0149134925bf9
BP,262147,2,6514717fd97a63b2
BP,262147,2,478c3b52611a0cbd
BP,262147,2,fe998c00ebf02b5b
BP,262147,2,c65334e8d3752fcf
BP,262147,2,1d1d29abd9feee01
BP,262147,2,c45da4f8ae11b5f9
BP,262147,2,9f79dc8e188218c9
BP,262147,2,8d45ecdd34fd5e01
BP,262147,2,7a309c8298db1979
BP,262147,2,d4b5d2329ee89d8e
BP,262147,2,a05f6146165f6248
BP,262147,2,39d3ae4f08f0d5ec
BP,262147,2,4b954c190b025231
BP,262147,2,d52651311f410143
BP,262147,2,f4f56d69fbd053d6
BP,262147,2,e5a1360bc75a4ef8
BP,262147,2,0f38fd2187cd586a
BP,262147,2,07f266b8e7152849
BP,262147,2,dfe8526ff61dd220
BP,262147,2,22146f154f5452a4
BP,262147,2,fc75ac98d4051976
BP,262147,2,e9c503b9e624ab1c
BP,262147,2,152fe9af83f615b7
BP,262147,2,4348c0181a7fb6a9
BP,262147,2,9fa143d673f003c5
BP,262147,2,b4fc1c58dae55cf7
BP,262147,2,29a2dce9745c7f69
BP,262147,2,b140586b970b08e2
BP,262147,2,e83d4c4ecf844dc8
BP,262147,2,06bdf21af7ecb9fc
BP,262147,2,e5fea5a198d61ae9
BP,262147,2,5481e24299d25612
BP,262147,2,12aa9245de21a311
BP,262147,2,bce6d77fae97e9e6
BP,262147,2,566a8c43ddcbece4
BP,262147,2,60eaef2e90387f04
BP,262147,2,fab613e45cd89915
BP,262147,2,2395ee06cb8f62e4
BP,262147,2,b8ff7dd7bbffc321
BP,262147,2,1531b6ddd3ece892
BP,262147,2,ba23ebfd4dec23af
BP,262147,2,22e6722fa25f0f33
BP,262147,2,ad437829e7500cdc
BP,262147,2,49d8fec581f11a1b
BP,262147,2,a5f895ea5f21c7c6
BP,262147,2,a978e980884d447d
BP,262147,2,caae8f09ae6fe8a6
BP,262147,2,e6726c67347a268e
BP,262147,2,e3d66fb2c7ee2b84
BP,262147,2,e4e934e4aa6ddbdc
BP,262147,2,96867429887d5f2b
BP,262147,2,c093459038ad6cd5
BP,262147,2,2e2178a0708ace3c
BP,262147,2,b0550b120cab19f8
BP,262147,2,e43827453c7e2411
BP,262147,2,04eecc879c91a669
BP,262147,2,b1583a60dbdcf380
BP,262147,2,79d8f74457709963
BP,262147,2,24bf78605a7f0d14
BP,262147,2,8fb7e7e0342b2039
BP,262147,2,7f5406552bbba735
BP,262147,2,a5aca35a0cadf96f
BP,262147,2,69e195a80b7d4973
BP,262147,2,8dcd9e7787055e69
BP,262147,2,9c6851ce5dc22a05
BP,262147,2,4c356ac82685bc22
BP,262147,2,f11938d8b12f2f1b
BP,262147,2,38f978381235fa0f
BP,262147,2,f547ce1a9dc13fd7
BP,262147,2,d39be844f6c19a24
BP,262147,2,07308b2583d8c4cd
BP,262147,2,adbb998b58b05ba5
BP,262147,2,27ba9ec8c5c1679d
BP,262147,2,0c8dfe9e52efea32
BP,262147,2,94001676fbdcec6a
BP,262147,2,14c81e86e596e17b
BP,262147,2,8af48925d3a43351
BP,262147,2,63e05c745b39b25c
BP,262147,2,f646cbd900a6ac93
BP,262147,2,405c419d213255a8
BP,262147,2,d53530d6840d94f0
BP,262147,2,5c3c61f9e9a49367
BP,262147,2,ef9024103123aa88
BP,262147,2,c06060f01ef3c33c
BP,262147,2,3069581a1411c359
BP,262147,2,ebc272cce63b19b5
BP,262147,2,89a2a9e8ba87e99e
BP,262147,2,8a5480f4c0ec7738
BP,262147,2,ee4424ee933309ba
BP,262147,2,c41d53a5c2625ad2
BP,262147,2,da1466fd10c76caa
BP,262147,2,55bd7b92214b4418
BP,262147,2,27dac1aeb58ec2cb
BP,262147,2,a9cb3ebbf14bf055
BP,262147,2,62607940a098ba04
BP,262147,2,80726b41095fe6a4
BP,262147,2,f8b348637519af6d
BP,262147,2,cd3067ece810d420
BP,262147,2,6284e51a92450ff1
BP,262147,2,f863fb3745a236ed
BP,262147,2,354fe634113a078e
BP,262147,2,bd881878983afa89
BP,262147,2,cb88f30f510766d7
BP,262147,2,f05d823b963a6c6e
BP,262147,2,bad44c25ba1e0e47
BP,262147,2,0e9aecd4edb08739
BP,262147,2,fadca46ff2b140c2
BP,262147,2,33dd4fb571535d39
BP,262147,2,c1531bb6a4c0d5dd
BP,262147,2,491a11bbcf7316ac
BP,262147,2,bbf8561763b5fe90
BP,262147,2,23c2e4b4e083bf41
BP,262147,2,94b61f812fd04ae1
BP,262147,2,15d9f57efc2109b2
BP,262147,2,3f970389a16936b0
BP,262147,2,9581b7e59a4fde6b
BP,262147,2,f3f59bcc6a57bf85
BP,262147,2,baac592a9be0ecbc
BP,262147,2,5ecd5d29fae16278
BP,262147,2,1ae066ee87478b63
BP,262147,2,2ff88a5f6fb6d0e9
BP,262147,2,01ee039385fc7c75
BP,262147,2,60987e3ba2606ed9
BP,262147,2,13a35b2f0047182d
BP,262147,2,1ebc2c5cdec573d0
BP,262147,2,481ba480489b2751
BP,262147,2,32de9d815d2846a5
BP,262147,2,af1d270486f91d93
BP,262147,2,969dd6704f8fe61e
BP,262147,2,6cee88301287bd45
BP,262147,2,08c04f254321daed
BP,262147,2,f45cda7484a41d88
BP,262147,2,6488e219e288487a
BP,262147,2,ed6d5074650c9b8b
BP,262147,2,084576c4c03d3466
BP,262147,2,0656e632ce1a7169
BP,262147,2,b0cdf84d11493940
BP,262147,2,64c611b30ca8ba77
BP,262147,2,be97fe183683ad4a
BP,262147,2,c0e9076f69d33056
BP,262147,2,ab8854b327c314cc
BP,262147,2,e0e5be665a068d70
BP,262147,2,8277f2b9e9f965fa
BP,262147,2,258319f8cf1775bd
BP,262147,2,7bcc49d3346d5a47
BP,262147,2,7bb5ec1010ef08b4
BP,262147,2,5df28757679cae26
BP,262147,2,f8ed87d3cf7f4281
BP,262147,2,3ab42c60b155d54b
BP,262147,2,96048bf491b8182c
BP,262147,2,32442e4168bf1ab2
BP,262147,2,590ee18b85260498
BP,262147,2,bc71259110d506f1
BP,262147,2,0a152227108b8080
BP,262147,2,dea5592aab4c6cf0
BP,262147,2,a3bc2e7b55a95970
BP,262147,2,2cf8480c768c5553
BP,262147,2,e5564b444fdaf53f
BP,262147,2,2ce4216d747e06bd
BP,262147,2,b5e24d8ee05b0308
BP,262147,2,224867547c5f97b1
BP,262147,2,247f57741141188a
BP,262147,2,62e7cdd6fa003391
BP,262147,2,3bb58e5ef9b428b7
BP,262147,2,786daf3e0a82df88
BP,262147,2,25190cd2ec1fac11
BP,262147,2,ecd9159fe62e40e4
BP,262147,2,4e8be969a97aed3a
BP,262147,2,a423fa7862a329ed
BP,262147,2,bdb8b0e62f40bcf2
BP,262147,2,d9a3a6a909e7df82
BP,262147,2,254bf7e2512ca599
BP,262147,2,ffb2b8db7dbc8411
BP,262147,2,84d57d2109ba58e4
BP,262147,2,fa59d2e1b76c4a24
BP,262147,2,f345a56eda1f9ed1
BP,262147,2,51a739465b8fb046
BP,262147,2,c8a6ffeb23a0bcc2
BP,262147,2,8ce2ac39e721d1aa
BP,262147,2,bfa7684fc1fda64f
BP,262147,2,704fc6f6bf74b603
BP,262147,2,294703df92b6533e
BP,262147,2,4e73fc9e25c9b546
BP,262147,2,cdf8056c8a18ea40
BP,262147,2,5c166731d1d5fbd1
BP,262147,2,eb33bd3082722c29
BP,262147,2,df85bbf19f37e424
BP,262147,2,191dc47465a7947d
BP,262147,2,0bfe8db0dedc76b3
BP,262147,2,858435d031f0b505
BP,262147,2,703f3002cd07af0a
BP,262147,2,55c8024e6aeb8645
BP,262147,2,43852ce0a368a901
BP,262147,2,170f4449e685df34
BP,262147,2,80831f6aeb20c04c
BP,262147,2,44ffaf6d189cbdca
BP,262147,2,b5e65446da21df7b
BP,262147,2,15dc1799c184fc3a
BP,262147,2,9d9213331ad7dd69
BP,262147,2,dccc576d9bc9c6e4
BP,262147,2,67e6ec7793b157fe
BP,262147,2,0566ed2ca037d109
BP,262147,2,dacc5a494d43359d
BP,262147,2,507af5394b70a4dd
BP,262147,2,c69bbc62cd828d2d
BP,262147,2,a578b16e226e3955
BP,262147,3,80c823b698d1e2e3
BP,262147,3,83e92ef55cb48b32
BP,262147,3,b12fc13eb540e876
BP,262147,3,b20623fec7beda7f
BP,262147,3,c85d5c123ee3faf7
BP,262147,3,6bb24aa7ebde5cf2
BP,262147,3,c950dc2982e96b83
BP,262147,3,e750e112570d7faa
BP,262147,3,894c0f669179ac88
BP,262147,3,ca1d836f90fd7326
BP,262147,3,1d5bd9571e76b6b9
BP,262147,3,12e5b227c6778b31
BP,262147,3,cc0aa04a7d4e6736
BP,262147,3,9d3ad92a7e474a02
BP,262147,3,85c3345fc4f19f94
BP,262147,3,326289072f176f80
BP,262147,3,9586db05ac5e234b
BP,262147,3,210a7fd223b28532
BP,262147,3,dc13ffb6702915b0
BP,262147,3,b602105bc79ff59a
BP,262147,3,7e60dab22fb414cd
BP,262147,3,c6571910bb94ca86
BP,262147,3,62210f1ed9c0290a
BP,262147,3,cc095c60c1836798
BP,262147,3,30c4c895c1f14a00
BP,262147,3,a336d7efac6d497f
BP,262147,3,def49c5f51a54d90
BP,262147,3,3ca8bfeb40f3602a
BP,262147,3,13bdb1b842aedadd
BP,262147,3,f69839108b2c85f5
BP,262147,3,406f42dfb5421781
BP,262147,3,61c102ab7cc7f620
BP,262147,3,22e588a0e0c13f2f
BP,262147,3,ba30679f20d1f8ba
BP,262147,3,0fa0546f61f02ef1
BP,262147,3,0fa842aec22f7c26
BP,262147,3,674109bd60361b81
BP,262147,3,85ee7a988bff9651
BP,262147,3,05a9d42bc9a52c2f
BP,262147,3,7d36bc477a0e0230
BP,262147,3,63f496241ad8d2c6
BP,262147,3,fe42258fb5d2f4c0
BP,262147,3,1fc3aa577dd17d3b
BP,262147,3,b5dd8ce73ca20571
BP,262147,3,8a2c6f5152aeaf90
BP,262147,3,d353d5dcb1e2552e
BP,262147,3,122d16835afa0b32
BP,262147,3,fb63e1a1688b55ca
BP,262147,3,37b0cdc532627e1d
BP,262147,3,b1319c6a60fe25e2
BP,262147,3,1b71b86063cd1faf
BP,262147,3,bab15f498e85e69e
BP,262147,3,77a9b05cb0bdbcf2
BP,262147,3,a0d4af2988976e92
BP,262147,3,8c5403780d088101
BP,262147,3,8aacfa427d94a6c3
BP,262147,4,51b8bb1801b4ae88
BP,262147,4,8cb0deef770e3ca0
BP,262147,4,39e5721af352391f
BP,262147,4,e50fafc498d71881
BP,262147,4,4ab68efc604014ca
BP,262147,4,001f596e6e90825f
BP,262147,4,99b606925e9e5da5
BP,262147,4,737616fbf4da4cc5
BP,262147,4,933cfc281ff52df6
BP,262147,4,da6bc9ba440520e9
BP,262147,4,b33dc03c40457417
BP,262147,4,60dbe004cb66ba19
BP,262147,4,b6dd725c12a98df4
BP,262147,4,99a96142eb77b2ba
BP,262147,4,cf100c942f2bcf49
BP,262147,4,6ff6056da7469332
BP,262147,4,a4d656d2b626c103
